bairro,model,semana,y_true,y_pred
AEROLANDIA,poisson,2026-01-05,1,0.06164061195551791
AEROLANDIA,poisson,2026-01-12,1,0.06331825863712759
AEROLANDIA,poisson,2026-01-19,0,0.062395899346168376
AEROLANDIA,poisson,2026-01-26,0,0.06267734522691079
AEROLANDIA,poisson,2026-02-02,0,0.06660298628936086
AEROLANDIA,poisson,2026-02-09,0,0.06529736072368504
AEROLANDIA,poisson,2026-02-16,0,0.06660587621966263
AEROLANDIA,poisson,2026-02-23,0,0.06775224761237901
AEROLANDIA,poisson,2026-03-02,0,0.06974655178235264
AEROLANDIA,poisson,2026-03-09,0,0.07094697817476599
AEROLANDIA,poisson,2026-03-16,0,0.07216806542405009
AEROLANDIA,poisson,2026-03-23,0,0.07341016912968969
AEROLANDIA,poisson,2026-03-30,0,0.07467365101148654
AEROLANDIA,poisson,2026-04-06,0,0.07687168840282692
AEROLANDIA,poisson,2026-04-13,0,0.07819474741047637
AEROLANDIA,poisson,2026-04-20,0,0.07954057793744707
AEROLANDIA,poisson,2026-04-27,0,0.08090957191039475
AEROLANDIA,poisson,2026-05-04,0,0.08329116517612424
AEROLANDIA,poisson,2026-05-11,0,0.08472471150031083
AEROLANDIA,poisson,2026-05-18,0,0.08618293097031358
AEROLANDIA,poisson,2026-05-25,0,0.08766624824218595
AEROPORTO,poisson,2026-01-05,0,0.04948504805618552
AEROPORTO,poisson,2026-01-12,0,0.05000993146962943
AEROPORTO,poisson,2026-01-19,0,0.050540382273801046
AEROPORTO,poisson,2026-01-26,0,0.05107645952150852
AEROPORTO,poisson,2026-02-02,0,0.051955514270142694
AEROPORTO,poisson,2026-02-09,0,0.052506601694497265
AEROPORTO,poisson,2026-02-16,0,0.05306353445314502
AEROPORTO,poisson,2026-02-23,0,0.05362637454701622
AEROPORTO,poisson,2026-03-02,0,0.05454931477504315
AEROPORTO,poisson,2026-03-09,0,0.055127914405938554
AEROPORTO,poisson,2026-03-16,0,0.055712651190604895
AEROPORTO,poisson,2026-03-23,0,0.05630359022527515
AEROPORTO,poisson,2026-03-30,0,0.05690079729665224
AEROPORTO,poisson,2026-04-06,0,0.05788009219166409
AEROPORTO,poisson,2026-04-13,0,0.05849402107631454
AEROPORTO,poisson,2026-04-20,0,0.05911446184892401
AEROPORTO,poisson,2026-04-27,0,0.059741483580497
AEROPORTO,poisson,2026-05-04,0,0.060769668292668985
AEROPORTO,poisson,2026-05-11,0,0.0614142466487634
AEROPORTO,poisson,2026-05-18,0,0.06206566198897866
AEROPORTO,poisson,2026-05-25,0,0.06272398683258482
ALDEOTA,poisson,2026-01-05,1,0.0728909738455011
ALDEOTA,poisson,2026-01-12,0,0.07394312309413034
ALDEOTA,poisson,2026-01-19,0,0.07374705898567242
ALDEOTA,poisson,2026-01-26,0,0.07021828239212753
ALDEOTA,poisson,2026-02-02,0,0.07015614895123308
ALDEOTA,poisson,2026-02-09,0,0.06969044805593481
ALDEOTA,poisson,2026-02-16,0,0.06949121299707711
ALDEOTA,poisson,2026-02-23,0,0.06929254752285813
ALDEOTA,poisson,2026-03-02,0,0.0670130661309252
ALDEOTA,poisson,2026-03-09,0,0.06682148532541633
ALDEOTA,poisson,2026-03-16,0,0.06663045222212673
ALDEOTA,poisson,2026-03-23,0,0.0664399652552538
ALDEOTA,poisson,2026-03-30,0,0.06625002286347134
ALDEOTA,poisson,2026-04-06,0,0.06407062984458145
ALDEOTA,poisson,2026-04-13,0,0.06388746104506546
ALDEOTA,poisson,2026-04-20,0,0.06370481589904249
ALDEOTA,poisson,2026-04-27,0,0.0635226929094618
ALDEOTA,poisson,2026-05-04,0,0.061433019465072666
ALDEOTA,poisson,2026-05-11,0,0.06125739121772511
ALDEOTA,poisson,2026-05-18,0,0.06108226506650656
ALDEOTA,poisson,2026-05-25,0,0.06090763957599573
ALTO DA BALANCA,poisson,2026-01-05,0,0.09841511321376367
ALTO DA BALANCA,poisson,2026-01-12,0,0.09771926780563361
ALTO DA BALANCA,poisson,2026-01-19,0,0.09702834238200805
ALTO DA BALANCA,poisson,2026-01-26,0,0.09634230215606897
ALTO DA BALANCA,poisson,2026-02-02,0,0.08675061911747903
ALTO DA BALANCA,poisson,2026-02-09,0,0.08613724767488137
ALTO DA BALANCA,poisson,2026-02-16,0,0.08552821308348342
ALTO DA BALANCA,poisson,2026-02-23,0,0.08492348467951927
ALTO DA BALANCA,poisson,2026-03-02,0,0.0764686405523885
ALTO DA BALANCA,poisson,2026-03-09,0,0.07592796798029332
ALTO DA BALANCA,poisson,2026-03-16,0,0.07539111824103656
ALTO DA BALANCA,poisson,2026-03-23,0,0.07485806430522624
ALTO DA BALANCA,poisson,2026-03-30,0,0.07432877933458203
ALTO DA BALANCA,poisson,2026-04-06,0,0.06692872685433623
ALTO DA BALANCA,poisson,2026-04-13,0,0.0664555063729207
ALTO DA BALANCA,poisson,2026-04-20,0,0.06598563180341115
ALTO DA BALANCA,poisson,2026-04-27,0,0.06551907948849146
ALTO DA BALANCA,poisson,2026-05-04,0,0.05899610640844448
ALTO DA BALANCA,poisson,2026-05-11,0,0.05857897362871887
ALTO DA BALANCA,poisson,2026-05-18,0,0.05816479019203495
ALTO DA BALANCA,poisson,2026-05-25,0,0.05775353524502225
ALVARO WEYNE,poisson,2026-01-05,0,0.059517934691205095
ALVARO WEYNE,poisson,2026-01-12,0,0.061547521293440495
ALVARO WEYNE,poisson,2026-01-19,0,0.0636463176523206
ALVARO WEYNE,poisson,2026-01-26,0,0.065816683849652
ALVARO WEYNE,poisson,2026-02-02,0,0.06509864954647007
ALVARO WEYNE,poisson,2026-02-09,0,0.06731854087214567
ALVARO WEYNE,poisson,2026-02-16,0,0.06961413142556473
ALVARO WEYNE,poisson,2026-02-23,0,0.07198800258222733
ALVARO WEYNE,poisson,2026-03-02,0,0.07120264160309224
ALVARO WEYNE,poisson,2026-03-09,0,0.07363068162482973
ALVARO WEYNE,poisson,2026-03-16,0,0.07614151883237984
ALVARO WEYNE,poisson,2026-03-23,0,0.0787379766445977
ALVARO WEYNE,poisson,2026-03-30,0,0.08142297476010885
ALVARO WEYNE,poisson,2026-04-06,0,0.0805346819211924
ALVARO WEYNE,poisson,2026-04-13,0,0.08328094844220954
ALVARO WEYNE,poisson,2026-04-20,0,0.08612086380648952
ALVARO WEYNE,poisson,2026-04-27,0,0.08905762147897002
ALVARO WEYNE,poisson,2026-05-04,0,0.08808603762755984
ALVARO WEYNE,poisson,2026-05-11,0,0.0910898085537596
ALVARO WEYNE,poisson,2026-05-18,0,0.09419600933172807
ALVARO WEYNE,poisson,2026-05-25,1,0.0974081328624857
ANCURI,poisson,2026-01-05,0,0.17206147461065913
ANCURI,poisson,2026-01-12,0,0.16873102480455748
ANCURI,poisson,2026-01-19,0,0.17894963602444205
ANCURI,poisson,2026-01-26,0,0.16833138301061798
ANCURI,poisson,2026-02-02,0,0.17662509140856972
ANCURI,poisson,2026-02-09,0,0.17254108422545864
ANCURI,poisson,2026-02-16,0,0.1685515093483052
ANCURI,poisson,2026-02-23,0,0.1646541832695865
ANCURI,poisson,2026-03-02,0,0.17112660819258954
ANCURI,poisson,2026-03-09,0,0.16716973948550803
ANCURI,poisson,2026-03-16,0,0.16330436332964607
ANCURI,poisson,2026-03-23,0,0.15952836419185143
ANCURI,poisson,2026-03-30,0,0.15583967545530944
ANCURI,poisson,2026-04-06,0,0.16196560909015784
ANCURI,poisson,2026-04-13,0,0.15822056524805128
ANCURI,poisson,2026-04-20,0,0.1545621160445108
ANCURI,poisson,2026-04-27,0,0.15098825919818956
ANCURI,poisson,2026-05-04,0,0.156923487520419
ANCURI,poisson,2026-05-11,0,0.15329502994895336
ANCURI,poisson,2026-05-18,1,0.14975047125429677
ANCURI,poisson,2026-05-25,0,0.13807171038762645
ANTONIO BEZERRA,poisson,2026-01-05,0,0.06491772974374614
ANTONIO BEZERRA,poisson,2026-01-12,0,0.06486821357684011
ANTONIO BEZERRA,poisson,2026-01-19,0,0.06481873517851897
ANTONIO BEZERRA,poisson,2026-01-26,0,0.06476929451997457
ANTONIO BEZERRA,poisson,2026-02-02,0,0.07490646292434093
ANTONIO BEZERRA,poisson,2026-02-09,0,0.07484932782526794
ANTONIO BEZERRA,poisson,2026-02-16,1,0.07479223630614011
ANTONIO BEZERRA,poisson,2026-02-23,0,0.06988841034983528
ANTONIO BEZERRA,poisson,2026-03-02,0,0.12100886454014999
ANTONIO BEZERRA,poisson,2026-03-09,0,0.1002420837913469
ANTONIO BEZERRA,poisson,2026-03-16,0,0.08819914015893521
ANTONIO BEZERRA,poisson,2026-03-23,0,0.08623450998919885
ANTONIO BEZERRA,poisson,2026-03-30,0,0.08616873439281646
ANTONIO BEZERRA,poisson,2026-04-06,0,0.09965517080076143
ANTONIO BEZERRA,poisson,2026-04-13,0,0.09957915856050137
ANTONIO BEZERRA,poisson,2026-04-20,0,0.09950320429877493
ANTONIO BEZERRA,poisson,2026-04-27,0,0.09942730797135879
ANTONIO BEZERRA,poisson,2026-05-04,0,0.11498886954723218
ANTONIO BEZERRA,poisson,2026-05-11,0,0.1149011614884428
ANTONIO BEZERRA,poisson,2026-05-18,0,0.11481352032920297
ANTONIO BEZERRA,poisson,2026-05-25,0,0.1147259460184849
AUTRAN NUNES,poisson,2026-01-05,0,0.02359991267874244
AUTRAN NUNES,poisson,2026-01-12,0,0.024290515538209864
AUTRAN NUNES,poisson,2026-01-19,0,0.025001327468617388
AUTRAN NUNES,poisson,2026-01-26,0,0.025732939846821703
AUTRAN NUNES,poisson,2026-02-02,0,0.026865672231699767
AUTRAN NUNES,poisson,2026-02-09,0,0.027651840821274188
AUTRAN NUNES,poisson,2026-02-16,0,0.028461015016139384
AUTRAN NUNES,poisson,2026-02-23,0,0.029293868027972597
AUTRAN NUNES,poisson,2026-03-02,0,0.03058334809481102
AUTRAN NUNES,poisson,2026-03-09,0,0.03147830681495023
AUTRAN NUNES,poisson,2026-03-16,0,0.032399454659585214
AUTRAN NUNES,poisson,2026-03-23,0,0.033347557999528904
AUTRAN NUNES,poisson,2026-03-30,0,0.034323405631858275
AUTRAN NUNES,poisson,2026-04-06,0,0.03583427976244517
AUTRAN NUNES,poisson,2026-04-13,0,0.03688289618775897
AUTRAN NUNES,poisson,2026-04-20,0,0.0379621982139758
AUTRAN NUNES,poisson,2026-04-27,0,0.03907308379203372
AUTRAN NUNES,poisson,2026-05-04,0,0.04079303291761944
AUTRAN NUNES,poisson,2026-05-11,0,0.04198675704544778
AUTRAN NUNES,poisson,2026-05-18,0,0.043215413052360416
AUTRAN NUNES,poisson,2026-05-25,0,0.04448002314788458
BARRA DO CEARA,poisson,2026-01-05,0,0.6094738089123922
BARRA DO CEARA,poisson,2026-01-12,1,0.6300135475975998
BARRA DO CEARA,poisson,2026-01-19,0,0.6322066474836492
BARRA DO CEARA,poisson,2026-01-26,0,0.6585904943599133
BARRA DO CEARA,poisson,2026-02-02,0,0.6512628825154482
BARRA DO CEARA,poisson,2026-02-09,0,0.6245604617767653
BARRA DO CEARA,poisson,2026-02-16,0,0.6456086323304753
BARRA DO CEARA,poisson,2026-02-23,0,0.6713193818907852
BARRA DO CEARA,poisson,2026-03-02,0,0.5884494978892513
BARRA DO CEARA,poisson,2026-03-09,0,0.6118839393007721
BARRA DO CEARA,poisson,2026-03-16,0,0.6362516350463351
BARRA DO CEARA,poisson,2026-03-23,1,0.6615897510919092
BARRA DO CEARA,poisson,2026-03-30,0,0.66389276888139
BARRA DO CEARA,poisson,2026-04-06,0,0.5830079697415926
BARRA DO CEARA,poisson,2026-04-13,0,0.6839041001289673
BARRA DO CEARA,poisson,2026-04-20,0,0.6558633572633229
BARRA DO CEARA,poisson,2026-04-27,0,0.6779664596024226
BARRA DO CEARA,poisson,2026-05-04,0,0.5942760383517466
BARRA DO CEARA,poisson,2026-05-11,0,0.6179425161939042
BARRA DO CEARA,poisson,2026-05-18,1,0.642551489000198
BARRA DO CEARA,poisson,2026-05-25,0,0.6447882339125586
BARROSO,poisson,2026-01-05,0,0.3437068068163593
BARROSO,poisson,2026-01-12,0,0.34893668250685417
BARROSO,poisson,2026-01-19,1,0.35424613648673886
BARROSO,poisson,2026-01-26,1,0.3394017163666149
BARROSO,poisson,2026-02-02,1,0.2527237845248791
BARROSO,poisson,2026-02-09,1,0.2227877231643884
BARROSO,poisson,2026-02-16,0,0.2202845417369627
BARROSO,poisson,2026-02-23,1,0.23696930757154513
BARROSO,poisson,2026-03-02,0,0.27539798320889164
BARROSO,poisson,2026-03-09,0,0.26530113671367855
BARROSO,poisson,2026-03-16,0,0.3088112089031246
BARROSO,poisson,2026-03-23,0,0.3516407344051231
BARROSO,poisson,2026-03-30,0,0.36654170939739344
BARROSO,poisson,2026-04-06,1,0.350993085823991
BARROSO,poisson,2026-04-13,0,0.33628498236546517
BARROSO,poisson,2026-04-20,0,0.2813017749624457
BARROSO,poisson,2026-04-27,0,0.3189045307671649
BARROSO,poisson,2026-05-04,0,0.34251806209349556
BARROSO,poisson,2026-05-11,0,0.35703245868719613
BARROSO,poisson,2026-05-18,0,0.362465098772801
BARROSO,poisson,2026-05-25,0,0.367980402430251
BOA VISTA,poisson,2026-01-05,0,0.14029485430761335
BOA VISTA,poisson,2026-01-12,0,0.14064346866628552
BOA VISTA,poisson,2026-01-19,0,0.14099294928603098
BOA VISTA,poisson,2026-01-26,0,0.1413432983193952
BOA VISTA,poisson,2026-02-02,0,0.13097843781094942
BOA VISTA,poisson,2026-02-09,0,0.13130390209346138
BOA VISTA,poisson,2026-02-16,0,0.131630175112136
BOA VISTA,poisson,2026-02-23,0,0.13195725887657692
BOA VISTA,poisson,2026-03-02,0,0.12228068702920186
BOA VISTA,poisson,2026-03-09,0,0.12258453853891733
BOA VISTA,poisson,2026-03-16,0,0.12288914507988256
BOA VISTA,poisson,2026-03-23,0,0.12319450852825155
BOA VISTA,poisson,2026-03-30,1,0.12350063076484005
BOA VISTA,poisson,2026-04-06,0,0.13805931332461846
BOA VISTA,poisson,2026-04-13,0,0.11158640126751623
BOA VISTA,poisson,2026-04-20,0,0.11981626718708516
BOA VISTA,poisson,2026-04-27,0,0.11583984673875224
BOA VISTA,poisson,2026-05-04,0,0.10684441468416023
BOA VISTA,poisson,2026-05-11,0,0.10710990907657143
BOA VISTA,poisson,2026-05-18,0,0.10737606318781412
BOA VISTA,poisson,2026-05-25,0,0.10764287865720319
BOM JARDIM,poisson,2026-01-05,0,0.1885459869997483
BOM JARDIM,poisson,2026-01-12,0,0.19258623548982653
BOM JARDIM,poisson,2026-01-19,0,0.19671306024769664
BOM JARDIM,poisson,2026-01-26,1,0.20092831646869214
BOM JARDIM,poisson,2026-02-02,0,0.15709010342545734
BOM JARDIM,poisson,2026-02-09,0,0.25515377654809424
BOM JARDIM,poisson,2026-02-16,0,0.20826864410825152
BOM JARDIM,poisson,2026-02-23,0,0.20962564735992315
BOM JARDIM,poisson,2026-03-02,0,0.19748425337376196
BOM JARDIM,poisson,2026-03-09,0,0.20171603506906072
BOM JARDIM,poisson,2026-03-16,0,0.20603849729210144
BOM JARDIM,poisson,2026-03-23,0,0.2104535831861518
BOM JARDIM,poisson,2026-03-30,0,0.21496327753303035
BOM JARDIM,poisson,2026-04-06,0,0.20644197849420973
BOM JARDIM,poisson,2026-04-13,0,0.21086571036552826
BOM JARDIM,poisson,2026-04-20,0,0.21538423595957729
BOM JARDIM,poisson,2026-04-27,0,0.21999958655902277
BOM JARDIM,poisson,2026-05-04,0,0.21127864460558482
BOM JARDIM,poisson,2026-05-11,0,0.21580601874086472
BOM JARDIM,poisson,2026-05-18,0,0.22043040749207551
BOM JARDIM,poisson,2026-05-25,0,0.2251538897321848
BONSUCESSO,poisson,2026-01-05,0,0.2423659027715495
BONSUCESSO,poisson,2026-01-12,0,0.24407013573689243
BONSUCESSO,poisson,2026-01-19,1,0.2457863522773462
BONSUCESSO,poisson,2026-01-26,0,0.24983786919060277
BONSUCESSO,poisson,2026-02-02,0,0.3298351026574948
BONSUCESSO,poisson,2026-02-09,0,0.21604559307700702
BONSUCESSO,poisson,2026-02-16,0,0.2420562934124353
BONSUCESSO,poisson,2026-02-23,0,0.2377779441853747
BONSUCESSO,poisson,2026-03-02,0,0.22367265103200537
BONSUCESSO,poisson,2026-03-09,0,0.22524543953474163
BONSUCESSO,poisson,2026-03-16,0,0.22682928734071828
BONSUCESSO,poisson,2026-03-23,1,0.22842427221511982
BONSUCESSO,poisson,2026-03-30,0,0.23218959438904424
BONSUCESSO,poisson,2026-04-06,0,0.3065359104663428
BONSUCESSO,poisson,2026-04-13,0,0.2007843678326471
BONSUCESSO,poisson,2026-04-20,0,0.22495770064333712
BONSUCESSO,poisson,2026-04-27,0,0.22098156934304963
BONSUCESSO,poisson,2026-05-04,0,0.20787265872581734
BONSUCESSO,poisson,2026-05-11,0,0.20933434716277516
BONSUCESSO,poisson,2026-05-18,1,0.2108063136858451
BONSUCESSO,poisson,2026-05-25,0,0.21428122324614374
CAIS DO PORTO,poisson,2026-01-05,0,0.11843664898603733
CAIS DO PORTO,poisson,2026-01-12,0,0.11978269701947934
CAIS DO PORTO,poisson,2026-01-19,0,0.12114404306518231
CAIS DO PORTO,poisson,2026-01-26,0,0.12252086098705997
CAIS DO PORTO,poisson,2026-02-02,0,0.11485297419137276
CAIS DO PORTO,poisson,2026-02-09,0,0.11615829329123592
CAIS DO PORTO,poisson,2026-02-16,0,0.11747844751369362
CAIS DO PORTO,poisson,2026-02-23,0,0.11881360546185771
CAIS DO PORTO,poisson,2026-03-02,0,0.11137773479355421
CAIS DO PORTO,poisson,2026-03-09,0,0.11264355734233107
CAIS DO PORTO,poisson,2026-03-16,0,0.11392376613022437
CAIS DO PORTO,poisson,2026-03-23,0,0.11521852465872665
CAIS DO PORTO,poisson,2026-03-30,0,0.11652799828754618
CAIS DO PORTO,poisson,2026-04-06,0,0.10923517082781009
CAIS DO PORTO,poisson,2026-04-13,0,0.1104766428563949
CAIS DO PORTO,poisson,2026-04-20,0,0.11173222437724373
CAIS DO PORTO,poisson,2026-04-27,0,0.11300207574658488
CAIS DO PORTO,poisson,2026-05-04,0,0.1059299158097232
CAIS DO PORTO,poisson,2026-05-11,0,0.10713382318196882
CAIS DO PORTO,poisson,2026-05-18,0,0.10835141311923747
CAIS DO PORTO,poisson,2026-05-25,0,0.10958284112567329
CAJAZEIRAS,poisson,2026-01-05,2,0.22819172216985048
CAJAZEIRAS,poisson,2026-01-12,0,0.22491628059084512
CAJAZEIRAS,poisson,2026-01-19,1,0.18584043102557815
CAJAZEIRAS,poisson,2026-01-26,0,0.24790395083635802
CAJAZEIRAS,poisson,2026-02-02,0,0.1880819875589343
CAJAZEIRAS,poisson,2026-02-09,0,0.21915906899227558
CAJAZEIRAS,poisson,2026-02-16,0,0.2066541642916178
CAJAZEIRAS,poisson,2026-02-23,0,0.2066485572035225
CAJAZEIRAS,poisson,2026-03-02,0,0.19194560551587897
CAJAZEIRAS,poisson,2026-03-09,0,0.19113605711784276
CAJAZEIRAS,poisson,2026-03-16,0,0.19032992306527693
CAJAZEIRAS,poisson,2026-03-23,0,0.18952718895786283
CAJAZEIRAS,poisson,2026-03-30,0,0.18872784045601623
CAJAZEIRAS,poisson,2026-04-06,0,0.17529993968627983
CAJAZEIRAS,poisson,2026-04-13,0,0.17456059592809653
CAJAZEIRAS,poisson,2026-04-20,0,0.17382437042080223
CAJAZEIRAS,poisson,2026-04-27,0,0.17309125001288447
CAJAZEIRAS,poisson,2026-05-04,1,0.16077588560418546
CAJAZEIRAS,poisson,2026-05-11,1,0.15928087713122577
CAJAZEIRAS,poisson,2026-05-18,0,0.14374203785826858
CAJAZEIRAS,poisson,2026-05-25,0,0.1512954738044364
CAMBEBA,poisson,2026-01-05,0,0.05168887430916673
CAMBEBA,poisson,2026-01-12,0,0.05175913381049096
CAMBEBA,poisson,2026-01-19,1,0.051829488813943884
CAMBEBA,poisson,2026-01-26,0,0.05088583302577346
CAMBEBA,poisson,2026-02-02,0,0.047811451660974065
CAMBEBA,poisson,2026-02-09,0,0.04791899273519981
CAMBEBA,poisson,2026-02-16,0,0.04881341135377142
CAMBEBA,poisson,2026-02-23,0,0.04908893558065659
CAMBEBA,poisson,2026-03-02,0,0.046241360378981876
CAMBEBA,poisson,2026-03-09,0,0.04630421519956374
CAMBEBA,poisson,2026-03-16,0,0.046367155457261604
CAMBEBA,poisson,2026-03-23,0,0.04643018126820815
CAMBEBA,poisson,2026-03-30,0,0.04649329274869399
CAMBEBA,poisson,2026-04-06,0,0.04379628687742484
CAMBEBA,poisson,2026-04-13,0,0.04385581816567567
CAMBEBA,poisson,2026-04-20,0,0.04391543037344124
CAMBEBA,poisson,2026-04-27,1,0.04397512361071358
CAMBEBA,poisson,2026-05-04,0,0.04061477888825685
CAMBEBA,poisson,2026-05-11,0,0.04056598945720923
CAMBEBA,poisson,2026-05-18,0,0.040657233498787235
CAMBEBA,poisson,2026-05-25,0,0.04141610977195682
CANINDEZINHO,poisson,2026-01-05,0,0.16143854871682606
CANINDEZINHO,poisson,2026-01-12,0,0.1506196850600714
CANINDEZINHO,poisson,2026-01-19,0,0.15750559988594445
CANINDEZINHO,poisson,2026-01-26,0,0.15217567446110047
CANINDEZINHO,poisson,2026-02-02,0,0.14804808938896544
CANINDEZINHO,poisson,2026-02-09,0,0.15175645487079206
CANINDEZINHO,poisson,2026-02-16,0,0.15555770891743273
CANINDEZINHO,poisson,2026-02-23,0,0.15945417823738353
CANINDEZINHO,poisson,2026-03-02,0,0.15512917236431661
CANINDEZINHO,poisson,2026-03-09,0,0.15901490753587122
CANINDEZINHO,poisson,2026-03-16,0,0.16299797409644398
CANINDEZINHO,poisson,2026-03-23,0,0.1670808100401004
CANINDEZINHO,poisson,2026-03-30,0,0.17126591442871886
CANINDEZINHO,poisson,2026-04-06,0,0.16662052919047413
CANINDEZINHO,poisson,2026-04-13,1,0.17079410428734865
CANINDEZINHO,poisson,2026-04-20,0,0.20292477864634675
CANINDEZINHO,poisson,2026-04-27,0,0.18720608193974592
CANINDEZINHO,poisson,2026-05-04,0,0.1757273017200589
CANINDEZINHO,poisson,2026-05-11,0,0.18252761813769158
CANINDEZINHO,poisson,2026-05-18,0,0.18344585744413483
CANINDEZINHO,poisson,2026-05-25,0,0.18804087983407342
CARLITO PAMPLONA,poisson,2026-01-05,0,0.16644121785219806
CARLITO PAMPLONA,poisson,2026-01-12,0,0.15228321975333153
CARLITO PAMPLONA,poisson,2026-01-19,0,0.15495487419814205
CARLITO PAMPLONA,poisson,2026-01-26,0,0.15946054775128363
CARLITO PAMPLONA,poisson,2026-02-02,0,0.15440968498915683
CARLITO PAMPLONA,poisson,2026-02-09,0,0.15889950589737134
CARLITO PAMPLONA,poisson,2026-02-16,0,0.16351987879647453
CARLITO PAMPLONA,poisson,2026-02-23,1,0.16827459978940104
CARLITO PAMPLONA,poisson,2026-03-02,0,0.13809564458306975
CARLITO PAMPLONA,poisson,2026-03-09,0,0.18349064868515025
CARLITO PAMPLONA,poisson,2026-03-16,0,0.19628519058350424
CARLITO PAMPLONA,poisson,2026-03-23,0,0.1795885730570409
CARLITO PAMPLONA,poisson,2026-03-30,0,0.18273927219659286
CARLITO PAMPLONA,poisson,2026-04-06,0,0.17695106314970346
CARLITO PAMPLONA,poisson,2026-04-13,0,0.1820963270825721
CARLITO PAMPLONA,poisson,2026-04-20,0,0.18739120153751196
CARLITO PAMPLONA,poisson,2026-04-27,0,0.1928400367886015
CARLITO PAMPLONA,poisson,2026-05-04,0,0.1867318891959951
CARLITO PAMPLONA,poisson,2026-05-11,0,0.1921615534065104
CARLITO PAMPLONA,poisson,2026-05-18,0,0.19774909773897964
CARLITO PAMPLONA,poisson,2026-05-25,0,0.2034991129253416
CASTELAO,poisson,2026-01-05,0,0.053212502790128006
CASTELAO,poisson,2026-01-12,0,0.05316792915706698
CASTELAO,poisson,2026-01-19,0,0.053123392861260554
CASTELAO,poisson,2026-01-26,0,0.05307889387143306
CASTELAO,poisson,2026-02-02,0,0.05222222601476442
CASTELAO,poisson,2026-02-09,0,0.052178481890395895
CASTELAO,poisson,2026-02-16,0,0.05213477440844119
CASTELAO,poisson,2026-02-23,0,0.05209110353820669
CASTELAO,poisson,2026-03-02,0,0.051250378143143455
CASTELAO,poisson,2026-03-09,0,0.05120744809043383
CASTELAO,poisson,2026-03-16,0,0.051164553998228154
CASTELAO,poisson,2026-03-23,0,0.05112169583640399
CASTELAO,poisson,2026-03-30,0,0.05107887357486416
CASTELAO,poisson,2026-04-06,0,0.050254485085299616
CASTELAO,poisson,2026-04-13,0,0.05021238924578052
CASTELAO,poisson,2026-04-20,0,0.05017032866798386
CASTELAO,poisson,2026-04-27,0,0.05012830332237256
CASTELAO,poisson,2026-05-04,0,0.04931925658018481
CASTELAO,poisson,2026-05-11,0,0.04927794413798832
CASTELAO,poisson,2026-05-18,0,0.04923666630129885
CASTELAO,poisson,2026-05-25,0,0.049195423041129026
CENTRO,poisson,2026-01-05,0,0.13567795348861852
CENTRO,poisson,2026-01-12,1,0.15597427303238368
CENTRO,poisson,2026-01-19,0,0.16491782286149068
CENTRO,poisson,2026-01-26,1,0.15985459224026394
CENTRO,poisson,2026-02-02,1,0.1395526538919106
CENTRO,poisson,2026-02-09,0,0.15378765026777608
CENTRO,poisson,2026-02-16,0,0.14037967791859246
CENTRO,poisson,2026-02-23,0,0.15309392144055492
CENTRO,poisson,2026-03-02,0,0.15094559582837527
CENTRO,poisson,2026-03-09,0,0.15550497931790475
CENTRO,poisson,2026-03-16,0,0.16138119142668414
CENTRO,poisson,2026-03-23,0,0.16747945345887327
CENTRO,poisson,2026-03-30,0,0.17380815622262766
CENTRO,poisson,2026-04-06,0,0.1558412225668947
CENTRO,poisson,2026-04-13,0,0.16173014061383686
CENTRO,poisson,2026-04-20,0,0.16784158871535887
CENTRO,poisson,2026-04-27,0,0.17418397582278192
CENTRO,poisson,2026-05-04,0,0.15617819286348786
CENTRO,poisson,2026-05-11,0,0.16207984432222058
CENTRO,poisson,2026-05-18,0,0.16820450700487502
CENTRO,poisson,2026-05-25,0,0.1745606080451683
CIDADE DOS FUNCIONARIOS,poisson,2026-01-05,0,0.2534746667251085
CIDADE DOS FUNCIONARIOS,poisson,2026-01-12,0,0.24846442914809316
CIDADE DOS FUNCIONARIOS,poisson,2026-01-19,0,0.24355322505991697
CIDADE DOS FUNCIONARIOS,poisson,2026-01-26,0,0.23873909694224657
CIDADE DOS FUNCIONARIOS,poisson,2026-02-02,0,0.21537053860470912
CIDADE DOS FUNCIONARIOS,poisson,2026-02-09,0,0.21111347584005197
CIDADE DOS FUNCIONARIOS,poisson,2026-02-16,0,0.2069405591405884
CIDADE DOS FUNCIONARIOS,poisson,2026-02-23,0,0.20285012525616727
CIDADE DOS FUNCIONARIOS,poisson,2026-03-02,0,0.18299449605031393
CIDADE DOS FUNCIONARIOS,poisson,2026-03-09,0,0.17937738546350881
CIDADE DOS FUNCIONARIOS,poisson,2026-03-16,0,0.17583177150244703
CIDADE DOS FUNCIONARIOS,poisson,2026-03-23,0,0.17235624094865742
CIDADE DOS FUNCIONARIOS,poisson,2026-03-30,0,0.16894940851766513
CIDADE DOS FUNCIONARIOS,poisson,2026-04-06,0,0.15241209159050678
CIDADE DOS FUNCIONARIOS,poisson,2026-04-13,0,0.14939947972540704
CIDADE DOS FUNCIONARIOS,poisson,2026-04-20,0,0.14644641582763082
CIDADE DOS FUNCIONARIOS,poisson,2026-04-27,0,0.14355172285859127
CIDADE DOS FUNCIONARIOS,poisson,2026-05-04,0,0.1295004139065158
CIDADE DOS FUNCIONARIOS,poisson,2026-05-11,0,0.12694067944320112
CIDADE DOS FUNCIONARIOS,poisson,2026-05-18,0,0.12443154127008371
CIDADE DOS FUNCIONARIOS,poisson,2026-05-25,0,0.12197199928945089
CIRSTO REDENTOR,poisson,2026-01-05,0,0.3153350736206867
CIRSTO REDENTOR,poisson,2026-01-12,0,0.3109018166927153
CIRSTO REDENTOR,poisson,2026-01-19,0,0.30653088637739684
CIRSTO REDENTOR,poisson,2026-01-26,0,0.302221406432567
CIRSTO REDENTOR,poisson,2026-02-02,0,0.30832900845064454
CIRSTO REDENTOR,poisson,2026-02-09,0,0.3039942489292454
CIRSTO REDENTOR,poisson,2026-02-16,0,0.2997204312576022
CIRSTO REDENTOR,poisson,2026-02-23,0,0.2955066986617615
CIRSTO REDENTOR,poisson,2026-03-02,0,0.3014786029368635
CIRSTO REDENTOR,poisson,2026-03-09,0,0.2972401524221178
CIRSTO REDENTOR,poisson,2026-03-16,0,0.2930612897606757
CIRSTO REDENTOR,poisson,2026-03-23,0,0.28894117721425294
CIRSTO REDENTOR,poisson,2026-03-30,0,0.28487898882222484
CIRSTO REDENTOR,poisson,2026-04-06,0,0.2906361173710482
CIRSTO REDENTOR,poisson,2026-04-13,0,0.2865501000242948
CIRSTO REDENTOR,poisson,2026-04-20,0,0.28252152749172693
CIRSTO REDENTOR,poisson,2026-04-27,0,0.2785495921637832
CIRSTO REDENTOR,poisson,2026-05-04,0,0.28417880973416
CIRSTO REDENTOR,poisson,2026-05-11,0,0.28018357487946677
CIRSTO REDENTOR,poisson,2026-05-18,0,0.27624450853909416
CIRSTO REDENTOR,poisson,2026-05-25,0,0.27236082104682335
COACU,poisson,2026-01-05,0,0.0363789936777964
COACU,poisson,2026-01-12,0,0.03694997319772394
COACU,poisson,2026-01-19,0,0.03752991441722635
COACU,poisson,2026-01-26,0,0.03811895799294101
COACU,poisson,2026-02-02,0,0.03906489174729772
COACU,poisson,2026-02-09,0,0.03967802726537851
COACU,poisson,2026-02-16,0,0.04030078613442017
COACU,poisson,2026-02-23,0,0.04093331939588248
COACU,poisson,2026-03-02,0,0.04194909240052759
COACU,poisson,2026-03-09,0,0.04260749633694181
COACU,poisson,2026-03-16,0,0.04327623412609703
COACU,poisson,2026-03-23,0,0.043955467960997543
COACU,poisson,2026-03-30,0,0.04464536258031679
COACU,poisson,2026-04-06,0,0.045753251086818894
COACU,poisson,2026-04-13,0,0.04647136246648087
COACU,poisson,2026-04-20,0,0.04720074482561096
COACU,poisson,2026-04-27,0,0.04794157506570634
COACU,poisson,2026-05-04,0,0.04913126010641695
COACU,poisson,2026-05-11,0,0.04990239037894339
COACU,poisson,2026-05-18,0,0.050685623778805054
COACU,poisson,2026-05-25,0,0.05148115026831632
CONJUNTO CEARA I,poisson,2026-01-05,0,0.01643760609146011
CONJUNTO CEARA I,poisson,2026-01-12,0,0.016999740894547123
CONJUNTO CEARA I,poisson,2026-01-19,0,0.017905167389374473
CONJUNTO CEARA I,poisson,2026-01-26,0,0.01874675163369936
CONJUNTO CEARA I,poisson,2026-02-02,0,0.019187201692648048
CONJUNTO CEARA I,poisson,2026-02-09,0,0.02008904451187792
CONJUNTO CEARA I,poisson,2026-02-16,0,0.0210332760276788
CONJUNTO CEARA I,poisson,2026-02-23,0,0.022021888606745504
CONJUNTO CEARA I,poisson,2026-03-02,0,0.022539287157946574
CONJUNTO CEARA I,poisson,2026-03-09,0,0.023598685740374725
CONJUNTO CEARA I,poisson,2026-03-16,0,0.02470787850433957
CONJUNTO CEARA I,poisson,2026-03-23,0,0.025869205891442645
CONJUNTO CEARA I,poisson,2026-03-30,0,0.02708511834944927
CONJUNTO CEARA I,poisson,2026-04-06,0,0.027721476167952723
CONJUNTO CEARA I,poisson,2026-04-13,0,0.029024449609363918
CONJUNTO CEARA I,poisson,2026-04-20,0,0.030388665813560783
CONJUNTO CEARA I,poisson,2026-04-27,0,0.03181700333192007
CONJUNTO CEARA I,poisson,2026-05-04,0,0.032564535558672544
CONJUNTO CEARA I,poisson,2026-05-11,0,0.03409514398326619
CONJUNTO CEARA I,poisson,2026-05-18,0,0.035697694540896434
CONJUNTO CEARA I,poisson,2026-05-25,0,0.03737556867806696
CONJUNTO CEARA II,poisson,2026-01-05,0,0.09605060597998079
CONJUNTO CEARA II,poisson,2026-01-12,0,0.09463344585632878
CONJUNTO CEARA II,poisson,2026-01-19,0,0.09323719494814273
CONJUNTO CEARA II,poisson,2026-01-26,0,0.09186154475443947
CONJUNTO CEARA II,poisson,2026-02-02,0,0.08754799572890556
CONJUNTO CEARA II,poisson,2026-02-09,0,0.0862562857267998
CONJUNTO CEARA II,poisson,2026-02-16,0,0.08498363401055939
CONJUNTO CEARA II,poisson,2026-02-23,0,0.08372975938838469
CONJUNTO CEARA II,poisson,2026-03-02,0,0.07979805518089038
CONJUNTO CEARA II,poisson,2026-03-09,0,0.07862069018049768
CONJUNTO CEARA II,poisson,2026-03-16,0,0.0774606963847165
CONJUNTO CEARA II,poisson,2026-03-23,0,0.07631781749346189
CONJUNTO CEARA II,poisson,2026-03-30,0,0.07519180098817897
CONJUNTO CEARA II,poisson,2026-04-06,0,0.07166101429448987
CONJUNTO CEARA II,poisson,2026-04-13,0,0.07060370569302438
CONJUNTO CEARA II,poisson,2026-04-20,0,0.06956199694720898
CONJUNTO CEARA II,poisson,2026-04-27,0,0.06853565789198497
CONJUNTO CEARA II,poisson,2026-05-04,0,0.06531742417836121
CONJUNTO CEARA II,poisson,2026-05-11,0,0.06435371085265318
CONJUNTO CEARA II,poisson,2026-05-18,0,0.06340421644916738
CONJUNTO CEARA II,poisson,2026-05-25,0,0.06246873117756079
CONJUNTO ESPERANCA,poisson,2026-01-05,0,0.04997283119344858
CONJUNTO ESPERANCA,poisson,2026-01-12,0,0.04665295569930621
CONJUNTO ESPERANCA,poisson,2026-01-19,0,0.0475059696630271
CONJUNTO ESPERANCA,poisson,2026-01-26,0,0.04829500223715073
CONJUNTO ESPERANCA,poisson,2026-02-02,0,0.04766522479003491
CONJUNTO ESPERANCA,poisson,2026-02-09,0,0.04879582247010006
CONJUNTO ESPERANCA,poisson,2026-02-16,0,0.049953237418305665
CONJUNTO ESPERANCA,poisson,2026-02-23,0,0.051138105728182746
CONJUNTO ESPERANCA,poisson,2026-03-02,0,0.05047125358647064
CONJUNTO ESPERANCA,poisson,2026-03-09,0,0.051668409006721046
CONJUNTO ESPERANCA,poisson,2026-03-16,0,0.05289396041475445
CONJUNTO ESPERANCA,poisson,2026-03-23,0,0.05414858135062133
CONJUNTO ESPERANCA,poisson,2026-03-30,0,0.05543296133043904
CONJUNTO ESPERANCA,poisson,2026-04-06,0,0.054710103327423994
CONJUNTO ESPERANCA,poisson,2026-04-13,0,0.05600780235581589
CONJUNTO ESPERANCA,poisson,2026-04-20,0,0.057336282221125814
CONJUNTO ESPERANCA,poisson,2026-04-27,0,0.058696273030952414
CONJUNTO ESPERANCA,poisson,2026-05-04,0,0.05793086072590417
CONJUNTO ESPERANCA,poisson,2026-05-11,0,0.05930495467027128
CONJUNTO ESPERANCA,poisson,2026-05-18,0,0.060711641504581464
CONJUNTO ESPERANCA,poisson,2026-05-25,0,0.06215169431751561
CONJUNTO PALMEIRAS,poisson,2026-01-05,0,0.21270635651940528
CONJUNTO PALMEIRAS,poisson,2026-01-12,0,0.21771268088266288
CONJUNTO PALMEIRAS,poisson,2026-01-19,0,0.2228368356861586
CONJUNTO PALMEIRAS,poisson,2026-01-26,0,0.22808159422455734
CONJUNTO PALMEIRAS,poisson,2026-02-02,0,0.21061492226977843
CONJUNTO PALMEIRAS,poisson,2026-02-09,0,0.2155720219722906
CONJUNTO PALMEIRAS,poisson,2026-02-16,0,0.22064579354779176
CONJUNTO PALMEIRAS,poisson,2026-02-23,0,0.2258389830225399
CONJUNTO PALMEIRAS,poisson,2026-03-02,0,0.20854405203757018
CONJUNTO PALMEIRAS,poisson,2026-03-09,0,0.21345241108058213
CONJUNTO PALMEIRAS,poisson,2026-03-16,0,0.21847629482094083
CONJUNTO PALMEIRAS,poisson,2026-03-23,0,0.22361842228461418
CONJUNTO PALMEIRAS,poisson,2026-03-30,0,0.22888157649342855
CONJUNTO PALMEIRAS,poisson,2026-04-06,0,0.21135364125299294
CONJUNTO PALMEIRAS,poisson,2026-04-13,0,0.2163281276801135
CONJUNTO PALMEIRAS,poisson,2026-04-20,0,0.2214196951996956
CONJUNTO PALMEIRAS,poisson,2026-04-27,0,0.2266310994695166
CONJUNTO PALMEIRAS,poisson,2026-05-04,0,0.20927550756985813
CONJUNTO PALMEIRAS,poisson,2026-05-11,0,0.2142010823825906
CONJUNTO PALMEIRAS,poisson,2026-05-18,0,0.21924258708849378
CONJUNTO PALMEIRAS,poisson,2026-05-25,0,0.22440275025035308
CURIO,poisson,2026-01-05,1,0.11176678680607006
CURIO,poisson,2026-01-12,0,0.12117039686723624
CURIO,poisson,2026-01-19,0,0.13485872648689087
CURIO,poisson,2026-01-26,0,0.11566061001066458
CURIO,poisson,2026-02-02,0,0.12989925792338225
CURIO,poisson,2026-02-09,0,0.12779421974531308
CURIO,poisson,2026-02-16,0,0.12405362344214349
CURIO,poisson,2026-02-23,0,0.12042251613410343
CURIO,poisson,2026-03-02,0,0.12731307626154398
CURIO,poisson,2026-03-09,1,0.1235865632521279
CURIO,poisson,2026-03-16,1,0.09849843751678473
CURIO,poisson,2026-03-23,0,0.10678570177937052
CURIO,poisson,2026-03-30,0,0.11884902683576799
CURIO,poisson,2026-04-06,0,0.11101179523891361
CURIO,poisson,2026-04-13,0,0.11447831959456564
CURIO,poisson,2026-04-20,0,0.1126231801799133
CURIO,poisson,2026-04-27,0,0.10932664726729974
CURIO,poisson,2026-05-04,1,0.11558230327508409
CURIO,poisson,2026-05-11,0,0.09211904577329456
CURIO,poisson,2026-05-18,0,0.12163914328027489
CURIO,poisson,2026-05-25,0,0.09952454429913755
DEMOCRITO ROCHA,poisson,2026-01-05,0,0.05225185118955804
DEMOCRITO ROCHA,poisson,2026-01-12,0,0.05183720957340132
DEMOCRITO ROCHA,poisson,2026-01-19,0,0.05142585832238832
DEMOCRITO ROCHA,poisson,2026-01-26,0,0.05101777132601215
DEMOCRITO ROCHA,poisson,2026-02-02,0,0.048114383457985285
DEMOCRITO ROCHA,poisson,2026-02-09,0,0.04773257448350459
DEMOCRITO ROCHA,poisson,2026-02-16,0,0.04735379533259258
DEMOCRITO ROCHA,poisson,2026-02-23,0,0.04697802196225533
DEMOCRITO ROCHA,poisson,2026-03-02,0,0.04430453357803091
DEMOCRITO ROCHA,poisson,2026-03-09,0,0.04395295745225461
DEMOCRITO ROCHA,poisson,2026-03-16,0,0.04360417123898237
DEMOCRITO ROCHA,poisson,2026-03-23,0,0.043258152799020955
DEMOCRITO ROCHA,poisson,2026-03-30,0,0.0429148801688615
DEMOCRITO ROCHA,poisson,2026-04-06,0,0.04047262251625075
DEMOCRITO ROCHA,poisson,2026-04-13,0,0.04015145430444216
DEMOCRITO ROCHA,poisson,2026-04-20,1,0.039832834704852466
DEMOCRITO ROCHA,poisson,2026-04-27,0,0.04287331116366428
DEMOCRITO ROCHA,poisson,2026-05-04,0,0.03519636126881539
DEMOCRITO ROCHA,poisson,2026-05-11,0,0.03654347559519906
DEMOCRITO ROCHA,poisson,2026-05-18,0,0.03667989543383697
DEMOCRITO ROCHA,poisson,2026-05-25,0,0.03638768208500248
DIAS MACEDO,poisson,2026-01-05,0,0.09929158889260106
DIAS MACEDO,poisson,2026-01-12,0,0.0970310981448156
DIAS MACEDO,poisson,2026-01-19,0,0.09482207014909008
DIAS MACEDO,poisson,2026-01-26,0,0.09266333329485635
DIAS MACEDO,poisson,2026-02-02,0,0.08367407623822605
DIAS MACEDO,poisson,2026-02-09,0,0.08176913668316872
DIAS MACEDO,poisson,2026-02-16,0,0.079907565335704
DIAS MACEDO,poisson,2026-02-23,0,0.07808837486716592
DIAS MACEDO,poisson,2026-03-02,0,0.07051303249758134
DIAS MACEDO,poisson,2026-03-09,0,0.0689077197078798
DIAS MACEDO,poisson,2026-03-16,0,0.06733895376720034
DIAS MACEDO,poisson,2026-03-23,0,0.06580590264319267
DIAS MACEDO,poisson,2026-03-30,0,0.06430775324570938
DIAS MACEDO,poisson,2026-04-06,0,0.05806926706023431
DIAS MACEDO,poisson,2026-04-13,0,0.056747251344861596
DIAS MACEDO,poisson,2026-04-20,0,0.05545533288471827
DIAS MACEDO,poisson,2026-04-27,0,0.05419282648010364
DIAS MACEDO,poisson,2026-05-04,0,0.0489355879313361
DIAS MACEDO,poisson,2026-05-11,0,0.047821511250824136
DIAS MACEDO,poisson,2026-05-18,0,0.046732797846866694
DIAS MACEDO,poisson,2026-05-25,0,0.045668870294400615
DOM LUSTOSA,poisson,2026-01-05,0,0.0669056671594611
DOM LUSTOSA,poisson,2026-01-12,0,0.06715091959962455
DOM LUSTOSA,poisson,2026-01-19,0,0.0673970710482272
DOM LUSTOSA,poisson,2026-01-26,0,0.06764412480071508
DOM LUSTOSA,poisson,2026-02-02,0,0.06512391497356519
DOM LUSTOSA,poisson,2026-02-09,0,0.06536263614231458
DOM LUSTOSA,poisson,2026-02-16,0,0.06560223237817925
DOM LUSTOSA,poisson,2026-02-23,0,0.06584270688884472
DOM LUSTOSA,poisson,2026-03-02,0,0.06338961229361889
DOM LUSTOSA,poisson,2026-03-09,0,0.06362197612400973
DOM LUSTOSA,poisson,2026-03-16,0,0.06385519171776871
DOM LUSTOSA,poisson,2026-03-23,1,0.0640892621971582
DOM LUSTOSA,poisson,2026-03-30,0,0.06194976468919869
DOM LUSTOSA,poisson,2026-04-06,0,0.059645893745550835
DOM LUSTOSA,poisson,2026-04-13,0,0.05989722165048789
DOM LUSTOSA,poisson,2026-04-20,0,0.06206621874241466
DOM LUSTOSA,poisson,2026-04-27,0,0.06261118532213723
DOM LUSTOSA,poisson,2026-05-04,0,0.06027848717572431
DOM LUSTOSA,poisson,2026-05-11,0,0.06049944672514447
DOM LUSTOSA,poisson,2026-05-18,0,0.060721216233884545
DOM LUSTOSA,poisson,2026-05-25,0,0.06094379867096809
EDSON QUEIROZ,poisson,2026-01-05,0,0.12181160683341949
EDSON QUEIROZ,poisson,2026-01-12,0,0.12466548983732136
EDSON QUEIROZ,poisson,2026-01-19,0,0.12870521699735935
EDSON QUEIROZ,poisson,2026-01-26,0,0.1328758496353195
EDSON QUEIROZ,poisson,2026-02-02,0,0.1277494274467905
EDSON QUEIROZ,poisson,2026-02-09,0,0.13188908816933323
EDSON QUEIROZ,poisson,2026-02-16,0,0.13616289267036688
EDSON QUEIROZ,poisson,2026-02-23,0,0.14057518781658268
EDSON QUEIROZ,poisson,2026-03-02,0,0.13515172099430153
EDSON QUEIROZ,poisson,2026-03-09,0,0.13953124959310642
EDSON QUEIROZ,poisson,2026-03-16,0,0.14405269477726174
EDSON QUEIROZ,poisson,2026-03-23,0,0.14872065528764636
EDSON QUEIROZ,poisson,2026-03-30,0,0.15353987888519646
EDSON QUEIROZ,poisson,2026-04-06,0,0.14761622726527177
EDSON QUEIROZ,poisson,2026-04-13,0,0.15239966238692437
EDSON QUEIROZ,poisson,2026-04-20,0,0.15733810249676122
EDSON QUEIROZ,poisson,2026-04-27,0,0.16243657045926177
EDSON QUEIROZ,poisson,2026-05-04,0,0.15616967966370832
EDSON QUEIROZ,poisson,2026-05-11,0,0.16123028542826415
EDSON QUEIROZ,poisson,2026-05-18,0,0.16645487776665044
EDSON QUEIROZ,poisson,2026-05-25,0,0.17184877058744813
ENGENHEIRO LUCIANO CAVALCANTE,poisson,2026-01-05,0,0.05159930322186859
ENGENHEIRO LUCIANO CAVALCANTE,poisson,2026-01-12,0,0.052345276478851795
ENGENHEIRO LUCIANO CAVALCANTE,poisson,2026-01-19,0,0.053102034302009105
ENGENHEIRO LUCIANO CAVALCANTE,poisson,2026-01-26,0,0.05386973260425898
ENGENHEIRO LUCIANO CAVALCANTE,poisson,2026-02-02,0,0.05062913867566391
ENGENHEIRO LUCIANO CAVALCANTE,poisson,2026-02-09,0,0.051361086223748874
ENGENHEIRO LUCIANO CAVALCANTE,poisson,2026-02-16,0,0.05210361556775537
ENGENHEIRO LUCIANO CAVALCANTE,poisson,2026-02-23,0,0.05285687968914386
ENGENHEIRO LUCIANO CAVALCANTE,poisson,2026-03-02,0,0.049677215058850574
ENGENHEIRO LUCIANO CAVALCANTE,poisson,2026-03-09,0,0.050395400607906614
ENGENHEIRO LUCIANO CAVALCANTE,poisson,2026-03-16,0,0.05112396899509601
ENGENHEIRO LUCIANO CAVALCANTE,poisson,2026-03-23,0,0.051863070325538364
ENGENHEIRO LUCIANO CAVALCANTE,poisson,2026-03-30,0,0.052612856874429084
ENGENHEIRO LUCIANO CAVALCANTE,poisson,2026-04-06,0,0.049447871709089014
ENGENHEIRO LUCIANO CAVALCANTE,poisson,2026-04-13,0,0.05016274163186899
ENGENHEIRO LUCIANO CAVALCANTE,poisson,2026-04-20,0,0.05088794645863636
ENGENHEIRO LUCIANO CAVALCANTE,poisson,2026-04-27,0,0.051623635601524775
ENGENHEIRO LUCIANO CAVALCANTE,poisson,2026-05-04,0,0.04851815814665658
ENGENHEIRO LUCIANO CAVALCANTE,poisson,2026-05-11,1,0.04921958716208073
ENGENHEIRO LUCIANO CAVALCANTE,poisson,2026-05-18,0,0.05114560985478203
ENGENHEIRO LUCIANO CAVALCANTE,poisson,2026-05-25,0,0.05207690978511356
FARIAS BRITO,poisson,2026-01-05,0,0.06833663552051754
FARIAS BRITO,poisson,2026-01-12,0,0.06789591699357983
FARIAS BRITO,poisson,2026-01-19,0,0.0674580407608011
FARIAS BRITO,poisson,2026-01-26,0,0.067022988491579
FARIAS BRITO,poisson,2026-02-02,0,0.06403031976150408
FARIAS BRITO,poisson,2026-02-09,0,0.06361737364570988
FARIAS BRITO,poisson,2026-02-16,0,0.06320709071346972
FARIAS BRITO,poisson,2026-02-23,0,0.06279945378930633
FARIAS BRITO,poisson,2026-03-02,0,0.059995371699701275
FARIAS BRITO,poisson,2026-03-09,0,0.05960844788296412
FARIAS BRITO,poisson,2026-03-16,1,0.05922401942604755
FARIAS BRITO,poisson,2026-03-23,0,0.060410155228918495
FARIAS BRITO,poisson,2026-03-30,0,0.06010991790102106
FARIAS BRITO,poisson,2026-04-06,0,0.05741893806947416
FARIAS BRITO,poisson,2026-04-13,0,0.055660833824066884
FARIAS BRITO,poisson,2026-04-20,0,0.05513406599446105
FARIAS BRITO,poisson,2026-04-27,0,0.0547784938454361
FARIAS BRITO,poisson,2026-05-04,0,0.052332558662578126
FARIAS BRITO,poisson,2026-05-11,0,0.05199505407241244
FARIAS BRITO,poisson,2026-05-18,0,0.051659726126219344
FARIAS BRITO,poisson,2026-05-25,0,0.051326560786326116
FATIMA,poisson,2026-01-05,0,0.08952657247733647
FATIMA,poisson,2026-01-12,0,0.0882262974915537
FATIMA,poisson,2026-01-19,0,0.0869449075696337
FATIMA,poisson,2026-01-26,0,0.08568212842679754
FATIMA,poisson,2026-02-02,0,0.08272466455384944
FATIMA,poisson,2026-02-09,0,0.08152317979853986
FATIMA,poisson,2026-02-16,0,0.0803391452876649
FATIMA,poisson,2026-02-23,0,0.07917230757561954
FATIMA,poisson,2026-03-02,0,0.07643954120190748
FATIMA,poisson,2026-03-09,0,0.07532934094963366
FATIMA,poisson,2026-03-16,0,0.07423526513480107
FATIMA,poisson,2026-03-23,0,0.07315707956769281
FATIMA,poisson,2026-03-30,0,0.07209455345994004
FATIMA,poisson,2026-04-06,0,0.06960608776459658
FATIMA,poisson,2026-04-13,0,0.06859513590668405
FATIMA,poisson,2026-04-20,0,0.06759886701245815
FATIMA,poisson,2026-04-27,0,0.06661706782802262
FATIMA,poisson,2026-05-04,0,0.06431766683226618
FATIMA,poisson,2026-05-11,0,0.06338352347111968
FATIMA,poisson,2026-05-18,0,0.062462947514733816
FATIMA,poisson,2026-05-25,0,0.06155574191147863
FLORESTA,poisson,2026-01-05,0,0.12598645272836753
FLORESTA,poisson,2026-01-12,0,0.12732781004033944
FLORESTA,poisson,2026-01-19,1,0.12868344856588163
FLORESTA,poisson,2026-01-26,0,0.1097216962382834
FLORESTA,poisson,2026-02-02,0,0.1161664983339814
FLORESTA,poisson,2026-02-09,0,0.11842335831740891
FLORESTA,poisson,2026-02-16,0,0.12437486180959473
FLORESTA,poisson,2026-02-23,0,0.1283069613455025
FLORESTA,poisson,2026-03-02,0,0.1226252943868536
FLORESTA,poisson,2026-03-09,0,0.12393086599154945
FLORESTA,poisson,2026-03-16,0,0.125250337805199
FLORESTA,poisson,2026-03-23,0,0.1265838578210708
FLORESTA,poisson,2026-03-30,0,0.12793157560809337
FLORESTA,poisson,2026-04-06,0,0.1222665314165852
FLORESTA,poisson,2026-04-13,0,0.1235682833301713
FLORESTA,poisson,2026-04-20,0,0.12488389478507994
FLORESTA,poisson,2026-04-27,0,0.12621351334159778
FLORESTA,poisson,2026-05-04,0,0.12062454809007916
FLORESTA,poisson,2026-05-11,0,0.12190881807371608
FLORESTA,poisson,2026-05-18,0,0.12320676147140504
FLORESTA,poisson,2026-05-25,0,0.12451852386176587
GENIBAU,poisson,2026-01-05,0,0.11902344986114344
GENIBAU,poisson,2026-01-12,0,0.12099135106279568
GENIBAU,poisson,2026-01-19,0,0.12299178900526656
GENIBAU,poisson,2026-01-26,0,0.12502530164213935
GENIBAU,poisson,2026-02-02,0,0.11585037180759859
GENIBAU,poisson,2026-02-09,0,0.11776581020362904
GENIBAU,poisson,2026-02-16,0,0.11971291793478321
GENIBAU,poisson,2026-02-23,0,0.12169221861319575
GENIBAU,poisson,2026-03-02,0,0.11276188569241241
GENIBAU,poisson,2026-03-09,0,0.1146262599028185
GENIBAU,poisson,2026-03-16,0,0.1165214591670544
GENIBAU,poisson,2026-03-23,0,0.11844799313813857
GENIBAU,poisson,2026-03-30,0,0.12040637989555303
GENIBAU,poisson,2026-04-06,0,0.11157040771501948
GENIBAU,poisson,2026-04-13,0,0.11341508235407056
GENIBAU,poisson,2026-04-20,0,0.11529025633962088
GENIBAU,poisson,2026-04-27,0,0.11719643393953273
GENIBAU,poisson,2026-05-04,0,0.10859602230980235
GENIBAU,poisson,2026-05-11,0,0.11039151927319428
GENIBAU,poisson,2026-05-18,0,0.11221670249283193
GENIBAU,poisson,2026-05-25,0,0.11407206279316545
GRANJA LISBOA,poisson,2026-01-05,0,0.4343155729006047
GRANJA LISBOA,poisson,2026-01-12,1,0.4406788363972453
GRANJA LISBOA,poisson,2026-01-19,0,0.49340088307339164
GRANJA LISBOA,poisson,2026-01-26,0,0.5410577387261987
GRANJA LISBOA,poisson,2026-02-02,0,0.438710113764349
GRANJA LISBOA,poisson,2026-02-09,0,0.43984804556477675
GRANJA LISBOA,poisson,2026-02-16,0,0.4380247708159793
GRANJA LISBOA,poisson,2026-02-23,0,0.44444237867687814
GRANJA LISBOA,poisson,2026-03-02,1,0.4167971795189224
GRANJA LISBOA,poisson,2026-03-09,0,0.46666206645729624
GRANJA LISBOA,poisson,2026-03-16,0,0.5117362596797839
GRANJA LISBOA,poisson,2026-03-23,0,0.4489393857301394
GRANJA LISBOA,poisson,2026-03-30,0,0.4501038503446052
GRANJA LISBOA,poisson,2026-04-06,0,0.4142869454047234
GRANJA LISBOA,poisson,2026-04-13,0,0.4203567645899358
GRANJA LISBOA,poisson,2026-04-20,0,0.4265155141779762
GRANJA LISBOA,poisson,2026-04-27,0,0.4327644971098885
GRANJA LISBOA,poisson,2026-05-04,0,0.40584568539190546
GRANJA LISBOA,poisson,2026-05-11,0,0.41179182961573796
GRANJA LISBOA,poisson,2026-05-18,0,0.41782509225034387
GRANJA LISBOA,poisson,2026-05-25,0,0.42394674968882945
GRANJA PORTUGAL,poisson,2026-01-05,0,0.30852570820281194
GRANJA PORTUGAL,poisson,2026-01-12,0,0.31545549017802443
GRANJA PORTUGAL,poisson,2026-01-19,1,0.3225409216727007
GRANJA PORTUGAL,poisson,2026-01-26,0,0.3085189538691863
GRANJA PORTUGAL,poisson,2026-02-02,0,0.24535044002477777
GRANJA PORTUGAL,poisson,2026-02-09,0,0.40792373068254917
GRANJA PORTUGAL,poisson,2026-02-16,0,0.31100496221310064
GRANJA PORTUGAL,poisson,2026-02-23,0,0.3146980104244422
GRANJA PORTUGAL,poisson,2026-03-02,0,0.28094172349249275
GRANJA PORTUGAL,poisson,2026-03-09,1,0.2872519428349393
GRANJA PORTUGAL,poisson,2026-03-16,0,0.2747641088167314
GRANJA PORTUGAL,poisson,2026-03-23,0,0.2502588707512293
GRANJA PORTUGAL,poisson,2026-03-30,0,0.4160845694139928
GRANJA PORTUGAL,poisson,2026-04-06,0,0.27697812470962924
GRANJA PORTUGAL,poisson,2026-04-13,0,0.2802671190740945
GRANJA PORTUGAL,poisson,2026-04-20,0,0.2865621861572164
GRANJA PORTUGAL,poisson,2026-04-27,0,0.2929986464573233
GRANJA PORTUGAL,poisson,2026-05-04,0,0.26156995592589427
GRANJA PORTUGAL,poisson,2026-05-11,0,0.26744506687334524
GRANJA PORTUGAL,poisson,2026-05-18,0,0.2734521384220153
GRANJA PORTUGAL,poisson,2026-05-25,0,0.27959413453299914
GUAJERU,poisson,2026-01-05,0,0.14088200504454787
GUAJERU,poisson,2026-01-12,0,0.13924763675224147
GUAJERU,poisson,2026-01-19,0,0.13763222872185107
GUAJERU,poisson,2026-01-26,0,0.13603556099589612
GUAJERU,poisson,2026-02-02,0,0.12547768715341054
GUAJERU,poisson,2026-02-09,0,0.12402202393218774
GUAJERU,poisson,2026-02-16,0,0.12258324782023265
GUAJERU,poisson,2026-02-23,0,0.12116116291065195
GUAJERU,poisson,2026-03-02,1,0.11175770793715355
GUAJERU,poisson,2026-03-09,0,0.09897549796372448
GUAJERU,poisson,2026-03-16,0,0.1105433697320676
GUAJERU,poisson,2026-03-23,0,0.10538285256456308
GUAJERU,poisson,2026-03-30,0,0.10563376276248701
GUAJERU,poisson,2026-04-06,0,0.09838316202275334
GUAJERU,poisson,2026-04-13,0,0.09724182164747981
GUAJERU,poisson,2026-04-20,0,0.09611372193072394
GUAJERU,poisson,2026-04-27,0,0.09499870926796791
GUAJERU,poisson,2026-05-04,0,0.08762575193014044
GUAJERU,poisson,2026-05-11,0,0.08660920797551087
GUAJERU,poisson,2026-05-18,0,0.0856044569195319
GUAJERU,poisson,2026-05-25,0,0.0846113619531084
HENRIQUE JORGE,poisson,2026-01-05,0,0.12013517999183396
HENRIQUE JORGE,poisson,2026-01-12,0,0.11996921488384554
HENRIQUE JORGE,poisson,2026-01-19,0,0.1198034790543838
HENRIQUE JORGE,poisson,2026-01-26,0,0.11963797218670356
HENRIQUE JORGE,poisson,2026-02-02,0,0.11308764284450241
HENRIQUE JORGE,poisson,2026-02-09,0,0.11293141381268909
HENRIQUE JORGE,poisson,2026-02-16,0,0.11277540060914637
HENRIQUE JORGE,poisson,2026-02-23,0,0.11261960293571044
HENRIQUE JORGE,poisson,2026-03-02,0,0.10645353813092091
HENRIQUE JORGE,poisson,2026-03-09,0,0.10630647402403026
HENRIQUE JORGE,poisson,2026-03-16,0,0.10615961308419178
HENRIQUE JORGE,poisson,2026-03-23,0,0.10601295503073296
HENRIQUE JORGE,poisson,2026-03-30,0,0.10586649958336906
HENRIQUE JORGE,poisson,2026-04-06,0,0.10007017567464493
HENRIQUE JORGE,poisson,2026-04-13,0,0.09993193009567805
HENRIQUE JORGE,poisson,2026-04-20,0,0.09979387550108758
HENRIQUE JORGE,poisson,2026-04-27,0,0.09965601162703132
HENRIQUE JORGE,poisson,2026-05-04,0,0.09419971973946431
HENRIQUE JORGE,poisson,2026-05-11,0,0.09406958411507767
HENRIQUE JORGE,poisson,2026-05-18,0,0.09393962827127617
HENRIQUE JORGE,poisson,2026-05-25,0,0.09380985195969538
ITAOCA,poisson,2026-01-05,0,0.08833045342271365
ITAOCA,poisson,2026-01-12,0,0.086596151299865
ITAOCA,poisson,2026-01-19,0,0.08489590089685667
ITAOCA,poisson,2026-01-26,0,0.08322903363374011
ITAOCA,poisson,2026-02-02,0,0.0743427026156574
ITAOCA,poisson,2026-02-09,0,0.07288303947606475
ITAOCA,poisson,2026-02-16,0,0.07145203572611121
ITAOCA,poisson,2026-02-23,0,0.07004912866020245
ITAOCA,poisson,2026-03-02,0,0.06257001088572335
ITAOCA,poisson,2026-03-09,0,0.06134149570776471
ITAOCA,poisson,2026-03-16,0,0.06013710150279476
ITAOCA,poisson,2026-03-23,0,0.058956354673622
ITAOCA,poisson,2026-03-30,0,0.05779879092178027
ITAOCA,poisson,2026-04-06,0,0.05162763686469798
ITAOCA,poisson,2026-04-13,0,0.05061396698367051
ITAOCA,poisson,2026-04-20,0,0.04962019974956055
ITAOCA,poisson,2026-04-27,0,0.048645944388841345
ITAOCA,poisson,2026-05-04,0,0.04345203613767976
ITAOCA,poisson,2026-05-11,0,0.04259888803761245
ITAOCA,poisson,2026-05-18,0,0.04176249085983429
ITAOCA,poisson,2026-05-25,0,0.04094251571256495
ITAPERI,poisson,2026-01-05,0,0.1045499626727418
ITAPERI,poisson,2026-01-12,0,0.1012774921533214
ITAPERI,poisson,2026-01-19,0,0.09810745173551655
ITAPERI,poisson,2026-01-26,0,0.09503663530160841
ITAPERI,poisson,2026-02-02,0,0.08988752917481385
ITAPERI,poisson,2026-02-09,0,0.08707400077395856
ITAPERI,poisson,2026-02-16,0,0.08434853733756592
ITAPERI,poisson,2026-02-23,0,0.08170838238449886
ITAPERI,poisson,2026-03-02,0,0.07728140397757945
ITAPERI,poisson,2026-03-09,0,0.07486245413053198
ITAPERI,poisson,2026-03-16,0,0.07251921872526958
ITAPERI,poisson,2026-03-23,0,0.0702493278587115
ITAPERI,poisson,2026-03-30,0,0.06805048580702829
ITAPERI,poisson,2026-04-06,0,0.06436349528712736
ITAPERI,poisson,2026-04-13,1,0.06234888298627671
ITAPERI,poisson,2026-04-20,0,0.058638785685541685
ITAPERI,poisson,2026-04-27,0,0.05696922217567593
ITAPERI,poisson,2026-05-04,0,0.05388023939934532
ITAPERI,poisson,2026-05-11,0,0.05357943173245997
ITAPERI,poisson,2026-05-18,0,0.051927007400242205
ITAPERI,poisson,2026-05-25,0,0.050301663913406874
JACARECANGA,poisson,2026-01-05,0,0.15437388138882288
JACARECANGA,poisson,2026-01-12,0,0.15063723745765278
JACARECANGA,poisson,2026-01-19,0,0.14713904295403474
JACARECANGA,poisson,2026-01-26,0,0.14842179003986644
JACARECANGA,poisson,2026-02-02,0,0.14102412022888716
JACARECANGA,poisson,2026-02-09,0,0.14225355787931485
JACARECANGA,poisson,2026-02-16,0,0.14349371367450978
JACARECANGA,poisson,2026-02-23,1,0.14474468105445018
JACARECANGA,poisson,2026-03-02,0,0.16080443422959023
JACARECANGA,poisson,2026-03-09,0,0.20744990247345038
JACARECANGA,poisson,2026-03-16,0,0.14939057440508136
JACARECANGA,poisson,2026-03-23,0,0.1457745521984571
JACARECANGA,poisson,2026-03-30,0,0.14238928208945512
JACARECANGA,poisson,2026-04-06,0,0.1352922857977567
JACARECANGA,poisson,2026-04-13,0,0.13647175374765222
JACARECANGA,poisson,2026-04-20,0,0.13766150421023224
JACARECANGA,poisson,2026-04-27,0,0.13886162682766726
JACARECANGA,poisson,2026-05-04,0,0.13194045666518248
JACARECANGA,poisson,2026-05-11,0,0.13309070362134512
JACARECANGA,poisson,2026-05-18,0,0.1342509783437715
JACARECANGA,poisson,2026-05-25,0,0.13542136825377196
JANGURURSSU,poisson,2026-01-05,0,0.8741901790193645
JANGURURSSU,poisson,2026-01-12,0,0.8323626274510433
JANGURURSSU,poisson,2026-01-19,0,0.8309102716776312
JANGURURSSU,poisson,2026-01-26,1,0.8123917351451609
JANGURURSSU,poisson,2026-02-02,0,0.8341388858509612
JANGURURSSU,poisson,2026-02-09,1,0.791029109438862
JANGURURSSU,poisson,2026-02-16,0,0.8408949442288427
JANGURURSSU,poisson,2026-02-23,0,0.7966726889649108
JANGURURSSU,poisson,2026-03-02,0,0.7719933179672487
JANGURURSSU,poisson,2026-03-09,0,0.7675426996197701
JANGURURSSU,poisson,2026-03-16,0,0.75115545273211
JANGURURSSU,poisson,2026-03-23,0,0.7475405200712711
JANGURURSSU,poisson,2026-03-30,0,0.7439429842596396
JANGURURSSU,poisson,2026-04-06,0,0.7301268986651159
JANGURURSSU,poisson,2026-04-13,0,0.7266131658379873
JANGURURSSU,poisson,2026-04-20,0,0.7231163428362642
JANGURURSSU,poisson,2026-04-27,0,0.7196363482814787
JANGURURSSU,poisson,2026-05-04,0,0.7062716716931485
JANGURURSSU,poisson,2026-05-11,1,0.7028727420519636
JANGURURSSU,poisson,2026-05-18,0,0.7441721721984149
JANGURURSSU,poisson,2026-05-25,0,0.7057120350440946
JARDIM DAS OLIVEIRAS,poisson,2026-01-05,0,0.25021751775851636
JARDIM DAS OLIVEIRAS,poisson,2026-01-12,0,0.2506003463784086
JARDIM DAS OLIVEIRAS,poisson,2026-01-19,0,0.2509837607196905
JARDIM DAS OLIVEIRAS,poisson,2026-01-26,0,0.2513677616785059
JARDIM DAS OLIVEIRAS,poisson,2026-02-02,0,0.24501969783955035
JARDIM DAS OLIVEIRAS,poisson,2026-02-09,0,0.24539457388184593
JARDIM DAS OLIVEIRAS,poisson,2026-02-16,0,0.24577002347822027
JARDIM DAS OLIVEIRAS,poisson,2026-02-23,0,0.2461460475062016
JARDIM DAS OLIVEIRAS,poisson,2026-03-02,0,0.23992985330197264
JARDIM DAS OLIVEIRAS,poisson,2026-03-09,0,0.24029694196720025
JARDIM DAS OLIVEIRAS,poisson,2026-03-16,0,0.24066459227194997
JARDIM DAS OLIVEIRAS,poisson,2026-03-23,0,0.24103280507552077
JARDIM DAS OLIVEIRAS,poisson,2026-03-30,0,0.24140158123852654
JARDIM DAS OLIVEIRAS,poisson,2026-04-06,0,0.23530520420793935
JARDIM DAS OLIVEIRAS,poisson,2026-04-13,0,0.2356652172373521
JARDIM DAS OLIVEIRAS,poisson,2026-04-20,0,0.23602578108068237
JARDIM DAS OLIVEIRAS,poisson,2026-04-27,0,0.23638689658066633
JARDIM DAS OLIVEIRAS,poisson,2026-05-04,0,0.23041716084301084
JARDIM DAS OLIVEIRAS,poisson,2026-05-11,0,0.23076969524777685
JARDIM DAS OLIVEIRAS,poisson,2026-05-18,0,0.23112276902428963
JARDIM DAS OLIVEIRAS,poisson,2026-05-25,0,0.23147638299777898
JARDIM GUANABARA,poisson,2026-01-05,0,0.02241809509126598
JARDIM GUANABARA,poisson,2026-01-12,0,0.022910911379695285
JARDIM GUANABARA,poisson,2026-01-19,0,0.023414561233293815
JARDIM GUANABARA,poisson,2026-01-26,0,0.02392928280598837
JARDIM GUANABARA,poisson,2026-02-02,0,0.024285846533940128
JARDIM GUANABARA,poisson,2026-02-09,0,0.02481972154435004
JARDIM GUANABARA,poisson,2026-02-16,0,0.025365332712539827
JARDIM GUANABARA,poisson,2026-02-23,0,0.02592293803410162
JARDIM GUANABARA,poisson,2026-03-02,0,0.026309208675802106
JARDIM GUANABARA,poisson,2026-03-09,0,0.02688756319336199
JARDIM GUANABARA,poisson,2026-03-16,0,0.027478631660326592
JARDIM GUANABARA,poisson,2026-03-23,0,0.028082693567050947
JARDIM GUANABARA,poisson,2026-03-30,0,0.028700034547917933
JARDIM GUANABARA,poisson,2026-04-06,0,0.029127685948660654
JARDIM GUANABARA,poisson,2026-04-13,0,0.029767998964611138
JARDIM GUANABARA,poisson,2026-04-20,0,0.030422387961712965
JARDIM GUANABARA,poisson,2026-04-27,0,0.031091162371822818
JARDIM GUANABARA,poisson,2026-05-04,0,0.03155444331724572
JARDIM GUANABARA,poisson,2026-05-11,0,0.03224810366509197
JARDIM GUANABARA,poisson,2026-05-18,0,0.03295701272683047
JARDIM GUANABARA,poisson,2026-05-25,0,0.03368150571446534
JARDIM IRACEMA,poisson,2026-01-05,0,0.07499248299744159
JARDIM IRACEMA,poisson,2026-01-12,0,0.07559234818353071
JARDIM IRACEMA,poisson,2026-01-19,0,0.0761970116937598
JARDIM IRACEMA,poisson,2026-01-26,0,0.07680651190994375
JARDIM IRACEMA,poisson,2026-02-02,0,0.07772873523556018
JARDIM IRACEMA,poisson,2026-02-09,0,0.07835048771478055
JARDIM IRACEMA,poisson,2026-02-16,0,0.07897721359469047
JARDIM IRACEMA,poisson,2026-02-23,0,0.07960895265754288
JARDIM IRACEMA,poisson,2026-03-02,0,0.08056482516422254
JARDIM IRACEMA,poisson,2026-03-09,0,0.08120926353867966
JARDIM IRACEMA,poisson,2026-03-16,0,0.08185885677839747
JARDIM IRACEMA,poisson,2026-03-23,0,0.08251364611716482
JARDIM IRACEMA,poisson,2026-03-30,0,0.0831736731185998
JARDIM IRACEMA,poisson,2026-04-06,0,0.08417234757366561
JARDIM IRACEMA,poisson,2026-04-13,0,0.08484564253500937
JARDIM IRACEMA,poisson,2026-04-20,0,0.08552432318557339
JARDIM IRACEMA,poisson,2026-04-27,0,0.08620843260550833
JARDIM IRACEMA,poisson,2026-05-04,0,0.08724354571553797
JARDIM IRACEMA,poisson,2026-05-11,0,0.08794140720370222
JARDIM IRACEMA,poisson,2026-05-18,0,0.0886448508888378
JARDIM IRACEMA,poisson,2026-05-25,0,0.08935392142296174
JOAO XXIII,poisson,2026-01-05,0,0.019572068319582945
JOAO XXIII,poisson,2026-01-12,0,0.020225430877659323
JOAO XXIII,poisson,2026-01-19,0,0.020900604244145207
JOAO XXIII,poisson,2026-01-26,0,0.02159831651610951
JOAO XXIII,poisson,2026-02-02,0,0.02154021675544879
JOAO XXIII,poisson,2026-02-09,0,0.022259280826300125
JOAO XXIII,poisson,2026-02-16,0,0.023002348979555064
JOAO XXIII,poisson,2026-02-23,0,0.023770222529026098
JOAO XXIII,poisson,2026-03-02,0,0.023706280312105695
JOAO XXIII,poisson,2026-03-09,0,0.024497652776900112
JOAO XXIII,poisson,2026-03-16,0,0.025315443151623443
JOAO XXIII,poisson,2026-03-23,0,0.026160533329437328
JOAO XXIII,poisson,2026-03-30,0,0.027033834643211192
JOAO XXIII,poisson,2026-04-06,0,0.02696111326599919
JOAO XXIII,poisson,2026-04-13,0,0.027861139857181437
JOAO XXIII,poisson,2026-04-20,0,0.0287912114934938
JOAO XXIII,poisson,2026-04-27,0,0.029752331150565792
JOAO XXIII,poisson,2026-05-04,0,0.029672296981344458
JOAO XXIII,poisson,2026-05-11,0,0.03066282938411232
JOAO XXIII,poisson,2026-05-18,1,0.03168642813295881
JOAO XXIII,poisson,2026-05-25,0,0.030712088766386255
JOAQUIM TAVORA,poisson,2026-01-05,0,0.02930684708314541
JOAQUIM TAVORA,poisson,2026-01-12,0,0.029991979667270026
JOAQUIM TAVORA,poisson,2026-01-19,0,0.030693129213454667
JOAQUIM TAVORA,poisson,2026-01-26,0,0.03141067016466053
JOAQUIM TAVORA,poisson,2026-02-02,0,0.031532187264739525
JOAQUIM TAVORA,poisson,2026-02-09,0,0.03226934363241365
JOAQUIM TAVORA,poisson,2026-02-16,0,0.03302373316903479
JOAQUIM TAVORA,poisson,2026-02-23,0,0.03379575874992898
JOAQUIM TAVORA,poisson,2026-03-02,0,0.03392650293898107
JOAQUIM TAVORA,poisson,2026-03-09,0,0.034719633382626215
JOAQUIM TAVORA,poisson,2026-03-16,0,0.03553130555165249
JOAQUIM TAVORA,poisson,2026-03-23,0,0.03636195291268933
JOAQUIM TAVORA,poisson,2026-03-30,0,0.037212019065906335
JOAQUIM TAVORA,poisson,2026-04-06,0,0.0373559795933726
JOAQUIM TAVORA,poisson,2026-04-13,0,0.03822928400441015
JOAQUIM TAVORA,poisson,2026-04-20,0,0.03912300443994068
JOAQUIM TAVORA,poisson,2026-04-27,0,0.040037618183773646
JOAQUIM TAVORA,poisson,2026-05-04,0,0.040192509984243285
JOAQUIM TAVORA,poisson,2026-05-11,0,0.04113212652333513
JOAQUIM TAVORA,poisson,2026-05-18,0,0.04209370932531727
JOAQUIM TAVORA,poisson,2026-05-25,0,0.0430777719153197
JOQUEI CLUBE,poisson,2026-01-05,0,0.06261638862560844
JOQUEI CLUBE,poisson,2026-01-12,0,0.0627211656233357
JOQUEI CLUBE,poisson,2026-01-19,0,0.0628261179460776
JOQUEI CLUBE,poisson,2026-01-26,0,0.06293124588720829
JOQUEI CLUBE,poisson,2026-02-02,0,0.061658846984370096
JOQUEI CLUBE,poisson,2026-02-09,0,0.06176202171245885
JOQUEI CLUBE,poisson,2026-02-16,0,0.06186536908445901
JOQUEI CLUBE,poisson,2026-02-23,0,0.06196888938925838
JOQUEI CLUBE,poisson,2026-03-02,0,0.06071594825076073
JOQUEI CLUBE,poisson,2026-03-09,0,0.060817545211420916
JOQUEI CLUBE,poisson,2026-03-16,0,0.0609193121758892
JOQUEI CLUBE,poisson,2026-03-23,0,0.06102124942863567
JOQUEI CLUBE,poisson,2026-03-30,0,0.061123357254606395
JOQUEI CLUBE,poisson,2026-04-06,0,0.059887511823420406
JOQUEI CLUBE,poisson,2026-04-13,0,0.05998772254824729
JOQUEI CLUBE,poisson,2026-04-20,0,0.06008810095727184
JOQUEI CLUBE,poisson,2026-04-27,0,0.06018864733108268
JOQUEI CLUBE,poisson,2026-05-04,0,0.058971700681644874
JOQUEI CLUBE,poisson,2026-05-11,0,0.05907037896514088
JOQUEI CLUBE,poisson,2026-05-18,0,0.05916922236857612
JOQUEI CLUBE,poisson,2026-05-25,0,0.059268231168248434
JOSE BONIFACIO,poisson,2026-01-05,0,0.055817196853933736
JOSE BONIFACIO,poisson,2026-01-12,0,0.055812933374520486
JOSE BONIFACIO,poisson,2026-01-19,0,0.05580867022076418
JOSE BONIFACIO,poisson,2026-01-26,0,0.05580440739263991
JOSE BONIFACIO,poisson,2026-02-02,0,0.05324297015631919
JOSE BONIFACIO,poisson,2026-02-09,0,0.05323890330380858
JOSE BONIFACIO,poisson,2026-02-16,0,0.05323483676193594
JOSE BONIFACIO,poisson,2026-02-23,0,0.05323077053067757
JOSE BONIFACIO,poisson,2026-03-02,0,0.05078746391519861
JOSE BONIFACIO,poisson,2026-03-09,0,0.05078358462137774
JOSE BONIFACIO,poisson,2026-03-16,0,0.05077970562386859
JOSE BONIFACIO,poisson,2026-03-23,0,0.05077582692264854
JOSE BONIFACIO,poisson,2026-03-30,0,0.05077194851769492
JOSE BONIFACIO,poisson,2026-04-06,0,0.04844150249075739
JOSE BONIFACIO,poisson,2026-04-13,0,0.04843780238827541
JOSE BONIFACIO,poisson,2026-04-20,0,0.04843410256841799
JOSE BONIFACIO,poisson,2026-04-27,0,0.04843040303116357
JOSE BONIFACIO,poisson,2026-05-04,0,0.046207434568812274
JOSE BONIFACIO,poisson,2026-05-11,0,0.046203905110918896
JOSE BONIFACIO,poisson,2026-05-18,0,0.046200375922615736
JOSE BONIFACIO,poisson,2026-05-25,0,0.04619684700388221
JOSE DE ALENCAR,poisson,2026-01-05,0,0.20179340870081125
JOSE DE ALENCAR,poisson,2026-01-12,0,0.16738010176846665
JOSE DE ALENCAR,poisson,2026-01-19,0,0.16792632658126605
JOSE DE ALENCAR,poisson,2026-01-26,0,0.16945815894219568
JOSE DE ALENCAR,poisson,2026-02-02,1,0.16355518667029428
JOSE DE ALENCAR,poisson,2026-02-09,0,0.15001557432211982
JOSE DE ALENCAR,poisson,2026-02-16,0,0.1926921990390451
JOSE DE ALENCAR,poisson,2026-02-23,1,0.20447595900887094
JOSE DE ALENCAR,poisson,2026-03-02,1,0.14830449482818514
JOSE DE ALENCAR,poisson,2026-03-09,2,0.17213995860408135
JOSE DE ALENCAR,poisson,2026-03-16,0,0.19208814696496726
JOSE DE ALENCAR,poisson,2026-03-23,1,0.2730415588311954
JOSE DE ALENCAR,poisson,2026-03-30,0,0.22762648253648066
JOSE DE ALENCAR,poisson,2026-04-06,1,0.19003944731286534
JOSE DE ALENCAR,poisson,2026-04-13,0,0.1811726930795324
JOSE DE ALENCAR,poisson,2026-04-20,0,0.1923988247574213
JOSE DE ALENCAR,poisson,2026-04-27,0,0.20297932311491082
JOSE DE ALENCAR,poisson,2026-05-04,0,0.16197035275073454
JOSE DE ALENCAR,poisson,2026-05-11,0,0.16249892349884354
JOSE DE ALENCAR,poisson,2026-05-18,2,0.1639812468170476
JOSE DE ALENCAR,poisson,2026-05-25,0,0.1367081934094701
LAGOA REDONDA,poisson,2026-01-05,0,0.15678124410795405
LAGOA REDONDA,poisson,2026-01-12,0,0.19188769321173876
LAGOA REDONDA,poisson,2026-01-19,2,0.11632783999451848
LAGOA REDONDA,poisson,2026-01-26,2,0.14661149859813166
LAGOA REDONDA,poisson,2026-02-02,0,0.18794486702475557
LAGOA REDONDA,poisson,2026-02-09,0,0.14222096571082832
LAGOA REDONDA,poisson,2026-02-16,0,0.12270931721988168
LAGOA REDONDA,poisson,2026-02-23,2,0.17262615671398493
LAGOA REDONDA,poisson,2026-03-02,0,0.17728517723599185
LAGOA REDONDA,poisson,2026-03-09,0,0.2169828661202903
LAGOA REDONDA,poisson,2026-03-16,0,0.13154125576850187
LAGOA REDONDA,poisson,2026-03-23,0,0.18356748651678567
LAGOA REDONDA,poisson,2026-03-30,0,0.1814460211605682
LAGOA REDONDA,poisson,2026-04-06,0,0.20467622492846416
LAGOA REDONDA,poisson,2026-04-13,0,0.20068910759434241
LAGOA REDONDA,poisson,2026-04-20,0,0.1967796597826169
LAGOA REDONDA,poisson,2026-04-27,0,0.19294636848170457
LAGOA REDONDA,poisson,2026-05-04,0,0.21764894078081878
LAGOA REDONDA,poisson,2026-05-11,0,0.2134091133907849
LAGOA REDONDA,poisson,2026-05-18,0,0.20925187834525213
LAGOA REDONDA,poisson,2026-05-25,0,0.20517562673547438
MANOEL SATIRO,poisson,2026-01-05,0,0.12841158434334693
MANOEL SATIRO,poisson,2026-01-12,0,0.12515586758113303
MANOEL SATIRO,poisson,2026-01-19,0,0.12289619028027458
MANOEL SATIRO,poisson,2026-01-26,0,0.1270124627547241
MANOEL SATIRO,poisson,2026-02-02,0,0.12401190953545667
MANOEL SATIRO,poisson,2026-02-09,0,0.12816555179695047
MANOEL SATIRO,poisson,2026-02-16,0,0.1324583157291055
MANOEL SATIRO,poisson,2026-02-23,0,0.13689486105898283
MANOEL SATIRO,poisson,2026-03-02,0,0.13366084522193125
MANOEL SATIRO,poisson,2026-03-09,0,0.13813766795210666
MANOEL SATIRO,poisson,2026-03-16,0,0.14276443692663016
MANOEL SATIRO,poisson,2026-03-23,0,0.14754617442973078
MANOEL SATIRO,poisson,2026-03-30,0,0.1524880709615138
MANOEL SATIRO,poisson,2026-04-06,0,0.14888567980792256
MANOEL SATIRO,poisson,2026-04-13,0,0.15387244159635066
MANOEL SATIRO,poisson,2026-04-20,0,0.15902622947598247
MANOEL SATIRO,poisson,2026-04-27,0,0.1643526378016973
MANOEL SATIRO,poisson,2026-05-04,0,0.16046995711229664
MANOEL SATIRO,poisson,2026-05-11,0,0.16584472150435017
MANOEL SATIRO,poisson,2026-05-18,0,0.17139950770727674
MANOEL SATIRO,poisson,2026-05-25,0,0.17714034535326606
MANUEL DIAS BRANCO,poisson,2026-01-05,0,0.07304532148678995
MANUEL DIAS BRANCO,poisson,2026-01-12,0,0.0842694583970005
MANUEL DIAS BRANCO,poisson,2026-01-19,0,0.08487028430526102
MANUEL DIAS BRANCO,poisson,2026-01-26,0,0.0857814257205577
MANUEL DIAS BRANCO,poisson,2026-02-02,0,0.07930997996936807
MANUEL DIAS BRANCO,poisson,2026-02-09,0,0.08022320438247592
MANUEL DIAS BRANCO,poisson,2026-02-16,0,0.08114694422919022
MANUEL DIAS BRANCO,poisson,2026-02-23,0,0.08208132059075052
MANUEL DIAS BRANCO,poisson,2026-03-02,0,0.07588901486807066
MANUEL DIAS BRANCO,poisson,2026-03-09,0,0.0767628481623294
MANUEL DIAS BRANCO,poisson,2026-03-16,0,0.07764674331636431
MANUEL DIAS BRANCO,poisson,2026-03-23,0,0.07854081618868394
MANUEL DIAS BRANCO,poisson,2026-03-30,0,0.07944518397186363
MANUEL DIAS BRANCO,poisson,2026-04-06,0,0.073451751314985
MANUEL DIAS BRANCO,poisson,2026-04-13,0,0.07429752044154742
MANUEL DIAS BRANCO,poisson,2026-04-20,0,0.07515302827961277
MANUEL DIAS BRANCO,poisson,2026-04-27,0,0.07601838696675953
MANUEL DIAS BRANCO,poisson,2026-05-04,0,0.07028347567080012
MANUEL DIAS BRANCO,poisson,2026-05-11,0,0.0710927633020092
MANUEL DIAS BRANCO,poisson,2026-05-18,0,0.0719113695741047
MANUEL DIAS BRANCO,poisson,2026-05-25,0,0.07273940178771084
MARAPONGA,poisson,2026-01-05,0,0.06088683971646908
MARAPONGA,poisson,2026-01-12,0,0.06186911136991017
MARAPONGA,poisson,2026-01-19,0,0.06286722975814073
MARAPONGA,poisson,2026-01-26,0,0.06388145053243864
MARAPONGA,poisson,2026-02-02,0,0.061609738381665544
MARAPONGA,poisson,2026-02-09,0,0.06260367237249254
MARAPONGA,poisson,2026-02-16,0,0.06361364124358473
MARAPONGA,poisson,2026-02-23,0,0.06463990368152242
MARAPONGA,poisson,2026-03-02,0,0.06234121989469214
MARAPONGA,poisson,2026-03-09,0,0.06334695468777145
MARAPONGA,poisson,2026-03-16,0,0.06436891474040962
MARAPONGA,poisson,2026-03-23,0,0.06540736181052698
MARAPONGA,poisson,2026-03-30,0,0.06646256187891664
MARAPONGA,poisson,2026-04-06,0,0.06409906186234805
MARAPONGA,poisson,2026-04-13,0,0.06513315546570715
MARAPONGA,poisson,2026-04-20,0,0.06618393183398419
MARAPONGA,poisson,2026-04-27,0,0.0672516601059151
MARAPONGA,poisson,2026-05-04,0,0.06486009867221393
MARAPONGA,poisson,2026-05-11,0,0.06590646988579289
MARAPONGA,poisson,2026-05-18,0,0.06696972193580321
MARAPONGA,poisson,2026-05-25,0,0.06805012715641738
MESSEJANA,poisson,2026-01-05,1,0.5697070524594842
MESSEJANA,poisson,2026-01-12,0,0.6438870477587342
MESSEJANA,poisson,2026-01-19,0,0.5513030853728877
MESSEJANA,poisson,2026-01-26,1,0.594216432740427
MESSEJANA,poisson,2026-02-02,0,0.6182886308504055
MESSEJANA,poisson,2026-02-09,0,0.52450378347242
MESSEJANA,poisson,2026-02-16,0,0.5653310773021227
MESSEJANA,poisson,2026-02-23,0,0.5817931236454386
MESSEJANA,poisson,2026-03-02,3,0.5317845413381725
MESSEJANA,poisson,2026-03-09,0,0.7444615639675768
MESSEJANA,poisson,2026-03-16,0,0.4531236958917057
MESSEJANA,poisson,2026-03-23,1,0.5501888313547018
MESSEJANA,poisson,2026-03-30,1,0.6471656717734084
MESSEJANA,poisson,2026-04-06,1,0.5448876659694004
MESSEJANA,poisson,2026-04-13,2,0.5511024366645634
MESSEJANA,poisson,2026-04-20,0,0.6286570554420682
MESSEJANA,poisson,2026-04-27,0,0.4836378576915795
MESSEJANA,poisson,2026-05-04,0,0.5046729694789565
MESSEJANA,poisson,2026-05-11,0,0.5214759313518178
MESSEJANA,poisson,2026-05-18,0,0.5198420225906722
MESSEJANA,poisson,2026-05-25,0,0.5279043466333373
MONDUBIM,poisson,2026-01-05,0,0.27949794946392725
MONDUBIM,poisson,2026-01-12,0,0.40013796783261635
MONDUBIM,poisson,2026-01-19,0,0.31284112761599525
MONDUBIM,poisson,2026-01-26,0,0.2732669971320297
MONDUBIM,poisson,2026-02-02,0,0.2722895547042823
MONDUBIM,poisson,2026-02-09,0,0.27743744378029916
MONDUBIM,poisson,2026-02-16,0,0.2826826585211502
MONDUBIM,poisson,2026-02-23,0,0.2880270389596907
MONDUBIM,poisson,2026-03-02,0,0.2890262646881822
MONDUBIM,poisson,2026-03-09,1,0.2944905769431497
MONDUBIM,poisson,2026-03-16,0,0.3164011924464429
MONDUBIM,poisson,2026-03-23,1,0.3076379237452727
MONDUBIM,poisson,2026-03-30,0,0.37779529172499915
MONDUBIM,poisson,2026-04-06,0,0.31676578667608
MONDUBIM,poisson,2026-04-13,0,0.36632121277646346
MONDUBIM,poisson,2026-04-20,0,0.32681815202569864
MONDUBIM,poisson,2026-04-27,0,0.33065874219232544
MONDUBIM,poisson,2026-05-04,0,0.3318058661697915
MONDUBIM,poisson,2026-05-11,0,0.3380789668609615
MONDUBIM,poisson,2026-05-18,0,0.3444706663964974
MONDUBIM,poisson,2026-05-25,0,0.35098320699863944
MONTESE,poisson,2026-01-05,0,0.049606207964253496
MONTESE,poisson,2026-01-12,0,0.04882046392415459
MONTESE,poisson,2026-01-19,0,0.048047165779879775
MONTESE,poisson,2026-01-26,0,0.04728611639302907
MONTESE,poisson,2026-02-02,0,0.04762974468079125
MONTESE,poisson,2026-02-09,0,0.04687530709021121
MONTESE,poisson,2026-02-16,0,0.04613281951284023
MONTESE,poisson,2026-02-23,0,0.045402092664876104
MONTESE,poisson,2026-03-02,0,0.04573202974902098
MONTESE,poisson,2026-03-09,0,0.04500765126311025
MONTESE,poisson,2026-03-16,0,0.04429474666527599
MONTESE,poisson,2026-03-23,0,0.043593134213362486
MONTESE,poisson,2026-03-30,0,0.04290263504394273
MONTESE,poisson,2026-04-06,0,0.04321440856533112
MONTESE,poisson,2026-04-13,0,0.0425299082705076
MONTESE,poisson,2026-04-20,0,0.041856250207920255
MONTESE,poisson,2026-04-27,0,0.04119326264060891
MONTESE,poisson,2026-05-04,0,0.04149261414985269
MONTESE,poisson,2026-05-11,0,0.04083538644359739
MONTESE,poisson,2026-05-18,0,0.040188568981833046
MONTESE,poisson,2026-05-25,0,0.0395519968701261
MOURA BRASIL,poisson,2026-01-05,0,0.10599417626327429
MOURA BRASIL,poisson,2026-01-12,0,0.10347047886598058
MOURA BRASIL,poisson,2026-01-19,0,0.10100687013372156
MOURA BRASIL,poisson,2026-01-26,0,0.09860191936895416
MOURA BRASIL,poisson,2026-02-02,0,0.0876559669972509
MOURA BRASIL,poisson,2026-02-09,0,0.0855688982207669
MOURA BRASIL,poisson,2026-02-16,0,0.08353152208047168
MOURA BRASIL,poisson,2026-02-23,0,0.08154265540592111
MOURA BRASIL,poisson,2026-03-02,0,0.07249047844985614
MOURA BRASIL,poisson,2026-03-09,0,0.07076449653045268
MOURA BRASIL,poisson,2026-03-16,0,0.06907960985072499
MOURA BRASIL,poisson,2026-03-23,0,0.067434839942298
MOURA BRASIL,poisson,2026-03-30,0,0.06582923163390776
MOURA BRASIL,poisson,2026-04-06,0,0.05852142628141426
MOURA BRASIL,poisson,2026-04-13,0,0.05712804433913208
MOURA BRASIL,poisson,2026-04-20,0,0.055767838506190485
MOURA BRASIL,poisson,2026-04-27,0,0.05444001886691912
MOURA BRASIL,poisson,2026-05-04,0,0.048396547731208675
MOURA BRASIL,poisson,2026-05-11,0,0.04724423686043143
MOURA BRASIL,poisson,2026-05-18,0,0.04611936225122981
MOURA BRASIL,poisson,2026-05-25,0,0.045021270652412404
PADRE ANDRADE,poisson,2026-01-05,0,0.13602424294641857
PADRE ANDRADE,poisson,2026-01-12,0,0.13545051635909355
PADRE ANDRADE,poisson,2026-01-19,0,0.13487920965068037
PADRE ANDRADE,poisson,2026-01-26,0,0.13431031261455084
PADRE ANDRADE,poisson,2026-02-02,0,0.13011671068449412
PADRE ANDRADE,poisson,2026-02-09,0,0.129567901040287
PADRE ANDRADE,poisson,2026-02-16,0,0.12902140617966137
PADRE ANDRADE,poisson,2026-02-23,0,0.12847721633926296
PADRE ANDRADE,poisson,2026-03-02,0,0.12446574252224589
PADRE ANDRADE,poisson,2026-03-09,0,0.1239407676784286
PADRE ANDRADE,poisson,2026-03-16,0,0.12341800708715227
PADRE ANDRADE,poisson,2026-03-23,0,0.12289745140908497
PADRE ANDRADE,poisson,2026-03-30,0,0.12237909134428646
PADRE ANDRADE,poisson,2026-04-06,0,0.11855802069327237
PADRE ANDRADE,poisson,2026-04-13,0,0.11805796359213377
PADRE ANDRADE,poisson,2026-04-20,0,0.11756001564483341
PADRE ANDRADE,poisson,2026-04-27,0,0.11706416795532743
PADRE ANDRADE,poisson,2026-05-04,0,0.11340904638557266
PADRE ANDRADE,poisson,2026-05-11,0,0.11293070676209685
PADRE ANDRADE,poisson,2026-05-18,0,0.1124543846919175
PADRE ANDRADE,poisson,2026-05-25,0,0.11198007166534589
PAPICU,poisson,2026-01-05,0,0.07845622584139285
PAPICU,poisson,2026-01-12,0,0.08112606553247341
PAPICU,poisson,2026-01-19,0,0.08388675899455338
PAPICU,poisson,2026-01-26,0,0.08674139795172847
PAPICU,poisson,2026-02-02,0,0.08232166206518499
PAPICU,poisson,2026-02-09,0,0.08512304128602172
PAPICU,poisson,2026-02-16,0,0.08801975052500995
PAPICU,poisson,2026-02-23,0,0.09101503383147122
PAPICU,poisson,2026-03-02,0,0.08637754330516241
PAPICU,poisson,2026-03-09,0,0.08931694283733418
PAPICU,poisson,2026-03-16,0,0.09235636917368595
PAPICU,poisson,2026-03-23,1,0.09549922619363074
PAPICU,poisson,2026-03-30,0,0.12283999467556618
PAPICU,poisson,2026-04-06,0,0.11598853957001169
PAPICU,poisson,2026-04-13,0,0.11099632915577347
PAPICU,poisson,2026-04-20,0,0.10291783687537026
PAPICU,poisson,2026-04-27,0,0.10361427008351787
PAPICU,poisson,2026-05-04,0,0.09833481046377578
PAPICU,poisson,2026-05-11,0,0.10168111188441535
PAPICU,poisson,2026-05-18,0,0.10514128684734339
PAPICU,poisson,2026-05-25,0,0.10871921043193956
PARANGABA,poisson,2026-01-05,0,0.0850166796949886
PARANGABA,poisson,2026-01-12,0,0.08537027449380828
PARANGABA,poisson,2026-01-19,0,0.08572533993676738
PARANGABA,poisson,2026-01-26,0,0.08608188214045535
PARANGABA,poisson,2026-02-02,0,0.08245124751527576
PARANGABA,poisson,2026-02-09,0,0.08279417236698941
PARANGABA,poisson,2026-02-16,0,0.08313852348522378
PARANGABA,poisson,2026-02-23,0,0.08348430680199628
PARANGABA,poisson,2026-03-02,0,0.0799632288771446
PARANGABA,poisson,2026-03-09,0,0.0802958057541671
PARANGABA,poisson,2026-03-16,0,0.08062976585921433
PARANGABA,poisson,2026-03-23,0,0.08096511494530129
PARANGABA,poisson,2026-03-30,0,0.0813018587893705
PARANGABA,poisson,2026-04-06,0,0.07787282893695016
PARANGABA,poisson,2026-04-13,0,0.07819671158421734
PARANGABA,poisson,2026-04-20,0,0.07852194129914125
PARANGABA,poisson,2026-04-27,0,0.0788485236843415
PARANGABA,poisson,2026-05-04,0,0.07552296698048631
PARANGABA,poisson,2026-05-11,0,0.07583707626364737
PARANGABA,poisson,2026-05-18,0,0.07615249196584509
PARANGABA,poisson,2026-05-25,0,0.07646921952063651
PARQUE DOIS IRMAOS,poisson,2026-01-05,0,0.18751996522967115
PARQUE DOIS IRMAOS,poisson,2026-01-12,0,0.1852179285605803
PARQUE DOIS IRMAOS,poisson,2026-01-19,0,0.1829441522040346
PARQUE DOIS IRMAOS,poisson,2026-01-26,0,0.18069828923017145
PARQUE DOIS IRMAOS,poisson,2026-02-02,0,0.17813566704808637
PARQUE DOIS IRMAOS,poisson,2026-02-09,1,0.17594883410410944
PARQUE DOIS IRMAOS,poisson,2026-02-16,0,0.17682157618230185
PARQUE DOIS IRMAOS,poisson,2026-02-23,0,0.1600228161387336
PARQUE DOIS IRMAOS,poisson,2026-03-02,0,0.18215325654924738
PARQUE DOIS IRMAOS,poisson,2026-03-09,0,0.16844489023512974
PARQUE DOIS IRMAOS,poisson,2026-03-16,0,0.16509171268605252
PARQUE DOIS IRMAOS,poisson,2026-03-23,0,0.16306501021786027
PARQUE DOIS IRMAOS,poisson,2026-03-30,0,0.16106318799851727
PARQUE DOIS IRMAOS,poisson,2026-04-06,1,0.15877902637174834
PARQUE DOIS IRMAOS,poisson,2026-04-13,0,0.15956660270412154
PARQUE DOIS IRMAOS,poisson,2026-04-20,0,0.1444071344555729
PARQUE DOIS IRMAOS,poisson,2026-04-27,0,0.1646957326980113
PARQUE DOIS IRMAOS,poisson,2026-05-04,0,0.1520073480737276
PARQUE DOIS IRMAOS,poisson,2026-05-11,0,0.14898138732096095
PARQUE DOIS IRMAOS,poisson,2026-05-18,0,0.14715245877884642
PARQUE DOIS IRMAOS,poisson,2026-05-25,1,0.14534598256901515
PARQUE IRACEMA,poisson,2026-01-05,0,0.06286405081945648
PARQUE IRACEMA,poisson,2026-01-12,0,0.06344831315216547
PARQUE IRACEMA,poisson,2026-01-19,0,0.0640380056547247
PARQUE IRACEMA,poisson,2026-01-26,0,0.06463317879546479
PARQUE IRACEMA,poisson,2026-02-02,0,0.060617699506543866
PARQUE IRACEMA,poisson,2026-02-09,0,0.0611810841127771
PARQUE IRACEMA,poisson,2026-02-16,0,0.06174970484999393
PARQUE IRACEMA,poisson,2026-02-23,0,0.06232361038311596
PARQUE IRACEMA,poisson,2026-03-02,0,0.058451618143709944
PARQUE IRACEMA,poisson,2026-03-09,0,0.05899487105729232
PARQUE IRACEMA,poisson,2026-03-16,0,0.059543172996675636
PARQUE IRACEMA,poisson,2026-03-23,0,0.060096570887814484
PARQUE IRACEMA,poisson,2026-03-30,0,0.060655112092796136
PARQUE IRACEMA,poisson,2026-04-06,0,0.05688677900265742
PARQUE IRACEMA,poisson,2026-04-13,0,0.057415488205566564
PARQUE IRACEMA,poisson,2026-04-20,0,0.05794911126414024
PARQUE IRACEMA,poisson,2026-04-27,0,0.058487693848053524
PARQUE IRACEMA,poisson,2026-05-04,0,0.054854016413638275
PARQUE IRACEMA,poisson,2026-05-11,0,0.05536383299673333
PARQUE IRACEMA,poisson,2026-05-18,0,0.05587838784632903
PARQUE IRACEMA,poisson,2026-05-25,0,0.056397725000164024
PARQUE PRESIDENTE VARGAS,poisson,2026-01-05,0,0.047743724553327545
PARQUE PRESIDENTE VARGAS,poisson,2026-01-12,0,0.0485371672424431
PARQUE PRESIDENTE VARGAS,poisson,2026-01-19,0,0.049343795984946856
PARQUE PRESIDENTE VARGAS,poisson,2026-01-26,0,0.05016382991702385
PARQUE PRESIDENTE VARGAS,poisson,2026-02-02,0,0.049053135563024604
PARQUE PRESIDENTE VARGAS,poisson,2026-02-09,0,0.049868339072068064
PARQUE PRESIDENTE VARGAS,poisson,2026-02-16,0,0.050697090272885534
PARQUE PRESIDENTE VARGAS,poisson,2026-02-23,0,0.05153961431165261
PARQUE PRESIDENTE VARGAS,poisson,2026-03-02,0,0.05039845824924788
PARQUE PRESIDENTE VARGAS,poisson,2026-03-09,0,0.051236019386647146
PARQUE PRESIDENTE VARGAS,poisson,2026-03-16,0,0.052087499772437144
PARQUE PRESIDENTE VARGAS,poisson,2026-03-23,0,0.05295313072761299
PARQUE PRESIDENTE VARGAS,poisson,2026-03-30,0,0.05383314741744362
PARQUE PRESIDENTE VARGAS,poisson,2026-04-06,0,0.0526412094614808
PARQUE PRESIDENTE VARGAS,poisson,2026-04-13,0,0.053516042398881
PARQUE PRESIDENTE VARGAS,poisson,2026-04-20,0,0.05440541399669933
PARQUE PRESIDENTE VARGAS,poisson,2026-04-27,0,0.05530956586980614
PARQUE PRESIDENTE VARGAS,poisson,2026-05-04,0,0.054084938032670116
PARQUE PRESIDENTE VARGAS,poisson,2026-05-11,0,0.05498376398466216
PARQUE PRESIDENTE VARGAS,poisson,2026-05-18,0,0.05589752733182118
PARQUE PRESIDENTE VARGAS,poisson,2026-05-25,0,0.056826476315504526
PARQUE SAO JOSE,poisson,2026-01-05,0,0.13187814772223241
PARQUE SAO JOSE,poisson,2026-01-12,0,0.13306791165238727
PARQUE SAO JOSE,poisson,2026-01-19,0,0.13426840926536934
PARQUE SAO JOSE,poisson,2026-01-26,0,0.135479737397151
PARQUE SAO JOSE,poisson,2026-02-02,0,0.12597981327296986
PARQUE SAO JOSE,poisson,2026-02-09,0,0.12711636425088862
PARQUE SAO JOSE,poisson,2026-02-16,0,0.12826316884080954
PARQUE SAO JOSE,poisson,2026-02-23,0,0.12942031954765423
PARQUE SAO JOSE,poisson,2026-03-02,0,0.12034528560198136
PARQUE SAO JOSE,poisson,2026-03-09,0,0.12143100361096487
PARQUE SAO JOSE,poisson,2026-03-16,0,0.12252651663259997
PARQUE SAO JOSE,poisson,2026-03-23,0,0.12363191303446656
PARQUE SAO JOSE,poisson,2026-03-30,0,0.1247472819813694
PARQUE SAO JOSE,poisson,2026-04-06,0,0.11599992435956635
PARQUE SAO JOSE,poisson,2026-04-13,0,0.11704643986109123
PARQUE SAO JOSE,poisson,2026-04-20,0,0.1181023967023495
PARQUE SAO JOSE,poisson,2026-04-27,0,0.11916788006019317
PARQUE SAO JOSE,poisson,2026-05-04,0,0.1108117535990626
PARQUE SAO JOSE,poisson,2026-05-11,0,0.11181146302588177
PARQUE SAO JOSE,poisson,2026-05-18,0,0.11282019152248018
PARQUE SAO JOSE,poisson,2026-05-25,0,0.11383802045612068
PASSARE,poisson,2026-01-05,1,0.40543651904964606
PASSARE,poisson,2026-01-12,0,0.408959691878436
PASSARE,poisson,2026-01-19,0,0.39926280234872713
PASSARE,poisson,2026-01-26,1,0.4343144530212493
PASSARE,poisson,2026-02-02,0,0.3679562475700419
PASSARE,poisson,2026-02-09,0,0.3678200635186209
PASSARE,poisson,2026-02-16,0,0.4001113270697363
PASSARE,poisson,2026-02-23,0,0.3976547236647892
PASSARE,poisson,2026-03-02,0,0.3635299860112099
PASSARE,poisson,2026-03-09,1,0.36926820808485405
PASSARE,poisson,2026-03-16,0,0.3637798766199792
PASSARE,poisson,2026-03-23,0,0.35515425080215746
PASSARE,poisson,2026-03-30,0,0.38633357094104054
PASSARE,poisson,2026-04-06,0,0.33748872982729605
PASSARE,poisson,2026-04-13,0,0.35101190128361187
PASSARE,poisson,2026-04-20,0,0.3565525287904589
PASSARE,poisson,2026-04-27,0,0.36218061359735004
PASSARE,poisson,2026-05-04,0,0.3233690167639571
PASSARE,poisson,2026-05-11,0,0.3284733088480503
PASSARE,poisson,2026-05-18,0,0.3336581707960732
PASSARE,poisson,2026-05-25,0,0.3389248743814404
PAUPINA,poisson,2026-01-05,0,0.13670913446905353
PAUPINA,poisson,2026-01-12,0,0.1901535501311299
PAUPINA,poisson,2026-01-19,0,0.16779153391411453
PAUPINA,poisson,2026-01-26,0,0.15197331489362464
PAUPINA,poisson,2026-02-02,0,0.16221396676650493
PAUPINA,poisson,2026-02-09,0,0.1602158752163843
PAUPINA,poisson,2026-02-16,0,0.1582423954177808
PAUPINA,poisson,2026-02-23,0,0.15629322421225672
PAUPINA,poisson,2026-03-02,0,0.1679107410055107
PAUPINA,poisson,2026-03-09,0,0.16584247870069613
PAUPINA,poisson,2026-03-16,0,0.16379969248476012
PAUPINA,poisson,2026-03-23,0,0.16178206855267752
PAUPINA,poisson,2026-03-30,0,0.1597892969647572
PAUPINA,poisson,2026-04-06,0,0.17166668224634343
PAUPINA,poisson,2026-04-13,0,0.16955215564872075
PAUPINA,poisson,2026-04-20,0,0.16746367500639667
PAUPINA,poisson,2026-04-27,0,0.16540091949494262
PAUPINA,poisson,2026-05-04,0,0.17769542534788066
PAUPINA,poisson,2026-05-11,0,0.17550663892609397
PAUPINA,poisson,2026-05-18,0,0.1733448131646102
PAUPINA,poisson,2026-05-25,0,0.1712096159720035
PEDRAS,poisson,2026-01-05,0,0.20485747838141122
PEDRAS,poisson,2026-01-12,0,0.20204069867973337
PEDRAS,poisson,2026-01-19,0,0.19926264955284567
PEDRAS,poisson,2026-01-26,0,0.19652279845735382
PEDRAS,poisson,2026-02-02,0,0.18554749934444864
PEDRAS,poisson,2026-02-09,0,0.1829962308529101
PEDRAS,poisson,2026-02-16,1,0.18048004217079455
PEDRAS,poisson,2026-02-23,0,0.1882817424809209
PEDRAS,poisson,2026-03-02,0,0.15985645353925906
PEDRAS,poisson,2026-03-09,0,0.15655139732062656
PEDRAS,poisson,2026-03-16,0,0.1629691129556399
PEDRAS,poisson,2026-03-23,0,0.16122021867289837
PEDRAS,poisson,2026-03-30,0,0.15900344902872465
PEDRAS,poisson,2026-04-06,0,0.15012351027977325
PEDRAS,poisson,2026-04-13,0,0.1480593198004128
PEDRAS,poisson,2026-04-20,0,0.14602351183307288
PEDRAS,poisson,2026-04-27,0,0.1440156961196855
PEDRAS,poisson,2026-05-04,0,0.1359727853008178
PEDRAS,poisson,2026-05-11,0,0.1341031665559124
PEDRAS,poisson,2026-05-18,0,0.13225925497177127
PEDRAS,poisson,2026-05-25,0,0.1304406970762674
PICI,poisson,2026-01-05,0,0.14739394471658407
PICI,poisson,2026-01-12,0,0.16571855421471518
PICI,poisson,2026-01-19,0,0.16715750009353103
PICI,poisson,2026-01-26,0,0.17071012842927258
PICI,poisson,2026-02-02,0,0.17147176101127307
PICI,poisson,2026-02-09,0,0.17511608110823124
PICI,poisson,2026-02-16,0,0.17883785459396184
PICI,poisson,2026-02-23,0,0.18263872759923075
PICI,poisson,2026-03-02,0,0.18345358027935343
PICI,poisson,2026-03-09,0,0.18735255213062543
PICI,poisson,2026-03-16,0,0.19133438953008594
PICI,poisson,2026-03-23,0,0.19540085363409593
PICI,poisson,2026-03-30,0,0.1995537430291883
PICI,poisson,2026-04-06,0,0.20044406297651438
PICI,poisson,2026-04-13,0,0.20470413660445855
PICI,poisson,2026-04-20,0,0.2090547503414287
PICI,poisson,2026-04-27,0,0.21349782845260387
PICI,poisson,2026-05-04,0,0.21445036070029197
PICI,poisson,2026-05-11,0,0.21900811268633838
PICI,poisson,2026-05-18,0,0.22366273139295584
PICI,poisson,2026-05-25,0,0.2284162755459335
PIRAMBU,poisson,2026-01-05,0,0.24002339180893828
PIRAMBU,poisson,2026-01-12,0,0.23213192654958856
PIRAMBU,poisson,2026-01-19,0,0.22449991610199774
PIRAMBU,poisson,2026-01-26,0,0.21711883013660946
PIRAMBU,poisson,2026-02-02,0,0.22270350188890978
PIRAMBU,poisson,2026-02-09,0,0.21538147825176854
PIRAMBU,poisson,2026-02-16,0,0.2083001873812346
PIRAMBU,poisson,2026-02-23,0,0.20145171448929441
PIRAMBU,poisson,2026-03-02,0,0.20663340093561952
PIRAMBU,poisson,2026-03-09,0,0.19983972848304982
PIRAMBU,poisson,2026-03-16,0,0.19326941771926726
PIRAMBU,poisson,2026-03-23,0,0.1869151249808311
PIRAMBU,poisson,2026-03-30,0,0.18076974804853865
PIRAMBU,poisson,2026-04-06,0,0.18541945855481728
PIRAMBU,poisson,2026-04-13,0,0.17932325599487042
PIRAMBU,poisson,2026-04-20,0,0.17342748377778813
PIRAMBU,poisson,2026-04-27,0,0.16772555217464555
PIRAMBU,poisson,2026-05-04,0,0.17203974340706588
PIRAMBU,poisson,2026-05-11,0,0.1663834377941321
PIRAMBU,poisson,2026-05-18,0,0.16091309963588815
PIRAMBU,poisson,2026-05-25,0,0.15562261471281155
PLANALTO AYRTON SENNA,poisson,2026-01-05,0,0.49225890161410135
PLANALTO AYRTON SENNA,poisson,2026-01-12,1,0.50146737920785
PLANALTO AYRTON SENNA,poisson,2026-01-19,0,0.41599693591687714
PLANALTO AYRTON SENNA,poisson,2026-01-26,0,0.45031836683239684
PLANALTO AYRTON SENNA,poisson,2026-02-02,0,0.508577727404994
PLANALTO AYRTON SENNA,poisson,2026-02-09,0,0.42421493883746997
PLANALTO AYRTON SENNA,poisson,2026-02-16,0,0.41255400546432713
PLANALTO AYRTON SENNA,poisson,2026-02-23,0,0.4004879948842878
PLANALTO AYRTON SENNA,poisson,2026-03-02,0,0.4310094215313645
PLANALTO AYRTON SENNA,poisson,2026-03-09,0,0.4184036434479815
PLANALTO AYRTON SENNA,poisson,2026-03-16,0,0.4061665478878781
PLANALTO AYRTON SENNA,poisson,2026-03-23,0,0.39428735195434844
PLANALTO AYRTON SENNA,poisson,2026-03-30,0,0.38275558811920557
PLANALTO AYRTON SENNA,poisson,2026-04-06,0,0.4119256175726836
PLANALTO AYRTON SENNA,poisson,2026-04-13,0,0.39987798551969406
PLANALTO AYRTON SENNA,poisson,2026-04-20,0,0.38818271183407066
PLANALTO AYRTON SENNA,poisson,2026-04-27,0,0.37682949105341995
PLANALTO AYRTON SENNA,poisson,2026-05-04,0,0.4055478891491364
PLANALTO AYRTON SENNA,poisson,2026-05-11,0,0.39368678719309386
PLANALTO AYRTON SENNA,poisson,2026-05-18,0,0.38217258813896704
PLANALTO AYRTON SENNA,poisson,2026-05-25,0,0.37099514608093676
PRAIA DO FURUTO II,poisson,2026-01-05,1,0.20327348749951527
PRAIA DO FURUTO II,poisson,2026-01-12,0,0.21058774052958712
PRAIA DO FURUTO II,poisson,2026-01-19,0,0.2885107303840018
PRAIA DO FURUTO II,poisson,2026-01-26,0,0.24687854601831735
PRAIA DO FURUTO II,poisson,2026-02-02,0,0.2009067603381141
PRAIA DO FURUTO II,poisson,2026-02-09,0,0.19996911140052825
PRAIA DO FURUTO II,poisson,2026-02-16,0,0.20486013191847394
PRAIA DO FURUTO II,poisson,2026-02-23,0,0.20987078132079792
PRAIA DO FURUTO II,poisson,2026-03-02,0,0.18743730556617103
PRAIA DO FURUTO II,poisson,2026-03-09,0,0.1920218121478719
PRAIA DO FURUTO II,poisson,2026-03-16,0,0.19671845062633772
PRAIA DO FURUTO II,poisson,2026-03-23,0,0.20152996362218614
PRAIA DO FURUTO II,poisson,2026-03-30,0,0.20645916083746343
PRAIA DO FURUTO II,poisson,2026-04-06,0,0.18439035950256863
PRAIA DO FURUTO II,poisson,2026-04-13,0,0.18890034119585158
PRAIA DO FURUTO II,poisson,2026-04-20,0,0.19352063199058978
PRAIA DO FURUTO II,poisson,2026-04-27,0,0.19825392992386895
PRAIA DO FURUTO II,poisson,2026-05-04,0,0.1770622008884281
PRAIA DO FURUTO II,poisson,2026-05-11,0,0.18139294402886907
PRAIA DO FURUTO II,poisson,2026-05-18,0,0.18582961229649347
PRAIA DO FURUTO II,poisson,2026-05-25,1,0.1903747965012858
PREFEITO JOSE WALTER,poisson,2026-01-05,0,0.3653440867150675
PREFEITO JOSE WALTER,poisson,2026-01-12,0,0.29293693565028345
PREFEITO JOSE WALTER,poisson,2026-01-19,1,0.29462486029292284
PREFEITO JOSE WALTER,poisson,2026-01-26,1,0.3087389306485337
PREFEITO JOSE WALTER,poisson,2026-02-02,0,0.338285046232031
PREFEITO JOSE WALTER,poisson,2026-02-09,0,0.4355202927501453
PREFEITO JOSE WALTER,poisson,2026-02-16,0,0.39057651027418655
PREFEITO JOSE WALTER,poisson,2026-02-23,0,0.3229201278676587
PREFEITO JOSE WALTER,poisson,2026-03-02,0,0.287765125722046
PREFEITO JOSE WALTER,poisson,2026-03-09,0,0.2984354151372417
PREFEITO JOSE WALTER,poisson,2026-03-16,0,0.3095013573471197
PREFEITO JOSE WALTER,poisson,2026-03-23,0,0.32097762310032135
PREFEITO JOSE WALTER,poisson,2026-03-30,0,0.3328794271347344
PREFEITO JOSE WALTER,poisson,2026-04-06,0,0.3058770855512727
PREFEITO JOSE WALTER,poisson,2026-04-13,0,0.3172189638282852
PREFEITO JOSE WALTER,poisson,2026-04-20,0,0.3289813973182478
PREFEITO JOSE WALTER,poisson,2026-04-27,0,0.3411799801478845
PREFEITO JOSE WALTER,poisson,2026-05-04,0,0.3135043185887128
PREFEITO JOSE WALTER,poisson,2026-05-11,0,0.3251290135682094
PREFEITO JOSE WALTER,poisson,2026-05-18,0,0.3371847505632503
PREFEITO JOSE WALTER,poisson,2026-05-25,0,0.3496875125496894
PRESIDENTE KENNEDY,poisson,2026-01-05,0,0.1238226358129571
PRESIDENTE KENNEDY,poisson,2026-01-12,0,0.125335403273591
PRESIDENTE KENNEDY,poisson,2026-01-19,0,0.12686665253583512
PRESIDENTE KENNEDY,poisson,2026-01-26,0,0.12841660939578806
PRESIDENTE KENNEDY,poisson,2026-02-02,0,0.11748349446434585
PRESIDENTE KENNEDY,poisson,2026-02-09,0,0.11891881528771849
PRESIDENTE KENNEDY,poisson,2026-02-16,0,0.12037167173067234
PRESIDENTE KENNEDY,poisson,2026-02-23,0,0.12184227802959922
PRESIDENTE KENNEDY,poisson,2026-03-02,0,0.11146888758210127
PRESIDENTE KENNEDY,poisson,2026-03-09,0,0.11283072667476907
PRESIDENTE KENNEDY,poisson,2026-03-16,0,0.11420920364509539
PRESIDENTE KENNEDY,poisson,2026-03-23,0,0.11560452176156795
PRESIDENTE KENNEDY,poisson,2026-03-30,0,0.11701688677604893
PRESIDENTE KENNEDY,poisson,2026-04-06,0,0.10705431979922557
PRESIDENTE KENNEDY,poisson,2026-04-13,0,0.10836222517895913
PRESIDENTE KENNEDY,poisson,2026-04-20,0,0.1096861095167165
PRESIDENTE KENNEDY,poisson,2026-04-27,0,0.11102616803082418
PRESIDENTE KENNEDY,poisson,2026-05-04,0,0.10157363801005859
PRESIDENTE KENNEDY,poisson,2026-05-11,0,0.10281458473543707
PRESIDENTE KENNEDY,poisson,2026-05-18,0,0.10407069237072675
PRESIDENTE KENNEDY,poisson,2026-05-25,0,0.10534214613998659
QUINTINO CUNHA,poisson,2026-01-05,2,0.320325832912294
QUINTINO CUNHA,poisson,2026-01-12,0,0.4998687404960819
QUINTINO CUNHA,poisson,2026-01-19,1,0.49988333073673963
QUINTINO CUNHA,poisson,2026-01-26,0,0.39808350566964684
QUINTINO CUNHA,poisson,2026-02-02,0,0.3962714235476378
QUINTINO CUNHA,poisson,2026-02-09,0,0.2995495794415794
QUINTINO CUNHA,poisson,2026-02-16,1,0.3371224919344724
QUINTINO CUNHA,poisson,2026-02-23,0,0.4114942756003018
QUINTINO CUNHA,poisson,2026-03-02,0,0.34588820022747424
QUINTINO CUNHA,poisson,2026-03-09,0,0.2832169777628883
QUINTINO CUNHA,poisson,2026-03-16,0,0.3187412697409445
QUINTINO CUNHA,poisson,2026-03-23,0,0.3167234444693175
QUINTINO CUNHA,poisson,2026-03-30,0,0.32754872596409834
QUINTINO CUNHA,poisson,2026-04-06,0,0.2799879729700232
QUINTINO CUNHA,poisson,2026-04-13,0,0.28955767384149517
QUINTINO CUNHA,poisson,2026-04-20,0,0.2994544572436843
QUINTINO CUNHA,poisson,2026-04-27,0,0.30968950252099636
QUINTINO CUNHA,poisson,2026-05-04,0,0.2647219457371745
QUINTINO CUNHA,poisson,2026-05-11,0,0.2737698695031357
QUINTINO CUNHA,poisson,2026-05-18,0,0.28312704199513905
QUINTINO CUNHA,poisson,2026-05-25,0,0.29280403301649355
SAO BENTO,poisson,2026-01-05,1,0.09153339547115111
SAO BENTO,poisson,2026-01-12,0,0.07480753209174748
SAO BENTO,poisson,2026-01-19,0,0.09338293468293463
SAO BENTO,poisson,2026-01-26,0,0.08762927086840741
SAO BENTO,poisson,2026-02-02,0,0.08026466902483909
SAO BENTO,poisson,2026-02-09,0,0.08133526605546784
SAO BENTO,poisson,2026-02-16,0,0.0822418802502939
SAO BENTO,poisson,2026-02-23,0,0.08315860013897362
SAO BENTO,poisson,2026-03-02,0,0.07919572226567334
SAO BENTO,poisson,2026-03-09,0,0.08007848775544989
SAO BENTO,poisson,2026-03-16,0,0.08097109310636602
SAO BENTO,poisson,2026-03-23,0,0.08187364799972251
SAO BENTO,poisson,2026-03-30,0,0.0827862633393972
SAO BENTO,poisson,2026-04-06,0,0.07884112897382782
SAO BENTO,poisson,2026-04-13,0,0.07971994194303897
SAO BENTO,poisson,2026-04-20,0,0.08060855071610158
SAO BENTO,poisson,2026-04-27,0,0.0815070644832261
SAO BENTO,poisson,2026-05-04,0,0.07762288964360113
SAO BENTO,poisson,2026-05-11,0,0.07848812334857623
SAO BENTO,poisson,2026-05-18,0,0.07936300149435557
SAO BENTO,poisson,2026-05-25,0,0.0802476315839617
SAO JOAO DO TAUAPE,poisson,2026-01-05,0,0.11091969366072532
SAO JOAO DO TAUAPE,poisson,2026-01-12,0,0.10934020127345742
SAO JOAO DO TAUAPE,poisson,2026-01-19,0,0.10778320080010576
SAO JOAO DO TAUAPE,poisson,2026-01-26,0,0.10624837195663758
SAO JOAO DO TAUAPE,poisson,2026-02-02,0,0.10389750630434305
SAO JOAO DO TAUAPE,poisson,2026-02-09,0,0.10241800960860041
SAO JOAO DO TAUAPE,poisson,2026-02-16,0,0.10095958089177824
SAO JOAO DO TAUAPE,poisson,2026-02-23,0,0.09952192014662613
SAO JOAO DO TAUAPE,poisson,2026-03-02,0,0.09731988486444235
SAO JOAO DO TAUAPE,poisson,2026-03-09,0,0.0959340532578085
SAO JOAO DO TAUAPE,poisson,2026-03-16,0,0.0945679558426466
SAO JOAO DO TAUAPE,poisson,2026-03-23,0,0.09322131160479079
SAO JOAO DO TAUAPE,poisson,2026-03-30,0,0.09189384353170651
SAO JOAO DO TAUAPE,poisson,2026-04-06,0,0.08986058809035087
SAO JOAO DO TAUAPE,poisson,2026-04-13,0,0.08858097659738849
SAO JOAO DO TAUAPE,poisson,2026-04-20,0,0.08731958672535829
SAO JOAO DO TAUAPE,poisson,2026-04-27,0,0.08607615899904351
SAO JOAO DO TAUAPE,poisson,2026-05-04,0,0.08417162642178318
SAO JOAO DO TAUAPE,poisson,2026-05-11,0,0.08297302553523707
SAO JOAO DO TAUAPE,poisson,2026-05-18,0,0.08179149268154602
SAO JOAO DO TAUAPE,poisson,2026-05-25,0,0.08062678481254541
SAPIRANGA COITE,poisson,2026-01-05,0,0.19252462625781847
SAPIRANGA COITE,poisson,2026-01-12,0,0.19503807737140613
SAPIRANGA COITE,poisson,2026-01-19,0,0.19758434213913867
SAPIRANGA COITE,poisson,2026-01-26,0,0.2001638489504495
SAPIRANGA COITE,poisson,2026-02-02,0,0.18466280150052305
SAPIRANGA COITE,poisson,2026-02-09,0,0.18707361477200635
SAPIRANGA COITE,poisson,2026-02-16,0,0.18951590173815225
SAPIRANGA COITE,poisson,2026-02-23,0,0.19199007329492984
SAPIRANGA COITE,poisson,2026-03-02,0,0.17712201769116154
SAPIRANGA COITE,poisson,2026-03-09,0,0.1794343843803485
SAPIRANGA COITE,poisson,2026-03-16,0,0.1817769395225294
SAPIRANGA COITE,poisson,2026-03-23,0,0.18415007723456225
SAPIRANGA COITE,poisson,2026-03-30,0,0.18655419677858692
SAPIRANGA COITE,poisson,2026-04-06,0,0.17210710520130793
SAPIRANGA COITE,poisson,2026-04-13,0,0.1743540011108488
SAPIRANGA COITE,poisson,2026-04-20,0,0.17663023073803258
SAPIRANGA COITE,poisson,2026-04-27,0,0.17893617704096032
SAPIRANGA COITE,poisson,2026-05-04,0,0.16507903857482806
SAPIRANGA COITE,poisson,2026-05-11,0,0.1672341815370601
SAPIRANGA COITE,poisson,2026-05-18,0,0.16941746036213548
SAPIRANGA COITE,poisson,2026-05-25,0,0.17162924236989882
SERRINHA,poisson,2026-01-05,0,0.09908522093735624
SERRINHA,poisson,2026-01-12,0,0.10102374160972882
SERRINHA,poisson,2026-01-19,0,0.10300018784114716
SERRINHA,poisson,2026-01-26,0,0.10501530161391211
SERRINHA,poisson,2026-02-02,0,0.09962263840688693
SERRINHA,poisson,2026-02-09,0,0.10157167320906137
SERRINHA,poisson,2026-02-16,0,0.10355883927056439
SERRINHA,poisson,2026-02-23,0,0.10558488259805336
SERRINHA,poisson,2026-03-02,0,0.10016297071612652
SERRINHA,poisson,2026-03-09,0,0.10212257667453907
SERRINHA,poisson,2026-03-16,0,0.10412052070823823
SERRINHA,poisson,2026-03-23,0,0.10615755287006512
SERRINHA,poisson,2026-03-30,0,0.1082344378870266
SERRINHA,poisson,2026-04-06,0,0.10267646812494098
SERRINHA,poisson,2026-04-13,0,0.10468524858829828
SERRINHA,poisson,2026-04-20,0,0.10673332918559729
SERRINHA,poisson,2026-04-27,0,0.10882147879156365
SERRINHA,poisson,2026-05-04,0,0.10323336376647102
SERRINHA,poisson,2026-05-11,0,0.10525303943400961
SERRINHA,poisson,2026-05-18,0,0.10731222839117888
SERRINHA,poisson,2026-05-25,0,0.1094117036829198
SIQUEIRA,poisson,2026-01-05,0,0.31181595406427026
SIQUEIRA,poisson,2026-01-12,0,0.3094528919602436
SIQUEIRA,poisson,2026-01-19,0,0.3222518830146698
SIQUEIRA,poisson,2026-01-26,0,0.3330664131538568
SIQUEIRA,poisson,2026-02-02,0,0.30720473026504475
SIQUEIRA,poisson,2026-02-09,0,0.3175142893070967
SIQUEIRA,poisson,2026-02-16,0,0.3281698293747333
SIQUEIRA,poisson,2026-02-23,0,0.33918296133022097
SIQUEIRA,poisson,2026-03-02,0,0.3128463454458738
SIQUEIRA,poisson,2026-03-09,0,0.3233452328382709
SIQUEIRA,poisson,2026-03-16,0,0.3341964549728914
SIQUEIRA,poisson,2026-03-23,0,0.34541183593794006
SIQUEIRA,poisson,2026-03-30,0,0.3570035966291033
SIQUEIRA,poisson,2026-04-06,0,0.329283257857141
SIQUEIRA,poisson,2026-04-13,0,0.3403337556327076
SIQUEIRA,poisson,2026-04-20,0,0.3517550997789111
SIQUEIRA,poisson,2026-04-27,1,0.3635597356202434
SIQUEIRA,poisson,2026-05-04,0,0.32562667764076036
SIQUEIRA,poisson,2026-05-11,0,0.35536327768057074
SIQUEIRA,poisson,2026-05-18,0,0.36419199912090167
SIQUEIRA,poisson,2026-05-25,0,0.3688469491177547
VICENTE PINZON,poisson,2026-01-05,0,0.1964849759038252
VICENTE PINZON,poisson,2026-01-12,1,0.2053431259540809
VICENTE PINZON,poisson,2026-01-19,0,0.32930962670586855
VICENTE PINZON,poisson,2026-01-26,0,0.24149967658144245
VICENTE PINZON,poisson,2026-02-02,0,0.23931657483824118
VICENTE PINZON,poisson,2026-02-09,0,0.21102888577077686
VICENTE PINZON,poisson,2026-02-16,0,0.2104210079094312
VICENTE PINZON,poisson,2026-02-23,0,0.2199074373588774
VICENTE PINZON,poisson,2026-03-02,0,0.18890591674286092
VICENTE PINZON,poisson,2026-03-09,0,0.19742237937921256
VICENTE PINZON,poisson,2026-03-16,0,0.20632279047565982
VICENTE PINZON,poisson,2026-03-23,0,0.21562445961557136
VICENTE PINZON,poisson,2026-03-30,0,0.22534547675183803
VICENTE PINZON,poisson,2026-04-06,0,0.19357732681042744
VICENTE PINZON,poisson,2026-04-13,0,0.202304391051988
VICENTE PINZON,poisson,2026-04-20,0,0.2114248983249781
VICENTE PINZON,poisson,2026-04-27,0,0.22095658625738987
VICENTE PINZON,poisson,2026-05-04,0,0.18980716154318944
VICENTE PINZON,poisson,2026-05-11,0,0.19836425508089423
VICENTE PINZON,poisson,2026-05-18,0,0.20730712884531804
VICENTE PINZON,poisson,2026-05-25,0,0.21665317500153095
VILA PERY,poisson,2026-01-05,0,0.2385902857201089
VILA PERY,poisson,2026-01-12,0,0.2389846283857253
VILA PERY,poisson,2026-01-19,0,0.2393796228219594
VILA PERY,poisson,2026-01-26,0,0.23977527010605953
VILA PERY,poisson,2026-02-02,0,0.2178615757261378
VILA PERY,poisson,2026-02-09,0,0.21822165792415318
VILA PERY,poisson,2026-02-16,0,0.21858233526699342
VILA PERY,poisson,2026-02-23,0,0.21894360873831548
VILA PERY,poisson,2026-03-02,0,0.19893377483757013
VILA PERY,poisson,2026-03-09,0,0.19926257311539516
VILA PERY,poisson,2026-03-16,0,0.19959191483189775
VILA PERY,poisson,2026-03-23,0,0.19992180088527464
VILA PERY,poisson,2026-03-30,0,0.20025223217520738
VILA PERY,poisson,2026-04-06,0,0.18195065248000541
VILA PERY,poisson,2026-04-13,0,0.18225138100754387
VILA PERY,poisson,2026-04-20,0,0.1825526065800011
VILA PERY,poisson,2026-04-27,0,0.18285433001889423
VILA PERY,poisson,2026-05-04,0,0.16614279049145683
VILA PERY,poisson,2026-05-11,0,0.16641739174220596
VILA PERY,poisson,2026-05-18,0,0.16669244685464052
VILA PERY,poisson,2026-05-25,0,0.1669679565789043
VILA VELHA,poisson,2026-01-05,1,0.22578930445666867
VILA VELHA,poisson,2026-01-12,0,0.2148546703585712
VILA VELHA,poisson,2026-01-19,0,0.2293885885780481
VILA VELHA,poisson,2026-01-26,0,0.23330973932567423
VILA VELHA,poisson,2026-02-02,0,0.22886115041700972
VILA VELHA,poisson,2026-02-09,0,0.23305470650418011
VILA VELHA,poisson,2026-02-16,0,0.23570888822575012
VILA VELHA,poisson,2026-02-23,0,0.2383932975308638
VILA VELHA,poisson,2026-03-02,0,0.22404102027222855
VILA VELHA,poisson,2026-03-09,0,0.2265925481508461
VILA VELHA,poisson,2026-03-16,0,0.2291731345228924
VILA VELHA,poisson,2026-03-23,0,0.2317831103257825
VILA VELHA,poisson,2026-03-30,0,0.23442281026586628
VILA VELHA,poisson,2026-04-06,0,0.22030957300822662
VILA VELHA,poisson,2026-04-13,0,0.2228186046881118
VILA VELHA,poisson,2026-04-20,0,0.22535621088650154
VILA VELHA,poisson,2026-04-27,0,0.22792271702898315
VILA VELHA,poisson,2026-05-04,0,0.21420081267083763
VILA VELHA,poisson,2026-05-11,0,0.21664027373242395
VILA VELHA,poisson,2026-05-18,0,0.21910751699612607
VILA VELHA,poisson,2026-05-25,0,0.22160285886410622
