hex_id,model,train_rows,test_rows,mse,mae,status
2,poisson,207,24,0.04008361357887366,0.10113949900785248,evaluated
3,poisson,207,24,0.05078245074155011,0.17305010628510273,evaluated
4,poisson,207,24,0.039607439970416776,0.09967382567610068,evaluated
6,poisson,207,24,0.04153242794490426,0.11607392595746796,evaluated
7,poisson,207,24,0.04341315939115114,0.1416489364635844,evaluated
8,poisson,207,24,0.14876310759300326,0.38529517085578524,evaluated
9,poisson,207,24,0.004564317639507006,0.0672245004497231,evaluated
12,poisson,207,24,0.02442949381542155,0.1551309050090938,evaluated
13,poisson,207,24,0.020810073840994443,0.14418821002334703,evaluated
14,poisson,207,24,0.10278258885743119,0.30790324644286926,evaluated
15,poisson,207,24,0.08693426074906652,0.27668363028863413,evaluated
16,poisson,207,24,0.010263673445836978,0.10124459831961945,evaluated
21,poisson,207,24,0.22271260324881426,0.35914427386488185,evaluated
22,poisson,207,24,0.04271061739361926,0.12029875388904278,evaluated
23,poisson,207,24,0.02790902798508764,0.16453800917980346,evaluated
24,poisson,207,24,0.2820221033838249,0.45987513603761077,evaluated
25,poisson,207,24,0.0544088450099387,0.18553287299071006,evaluated
26,poisson,207,24,0.011349451846510795,0.10507002432214226,evaluated
27,poisson,207,24,0.06858554515140351,0.2323999932989532,evaluated
28,poisson,207,24,0.39506247967395963,0.3003365711379006,evaluated
29,poisson,207,24,0.0032369612227989095,0.05686333522149567,evaluated
31,poisson,207,24,0.07900351772668435,0.25626841261304306,evaluated
32,poisson,207,24,0.029161485226997425,0.16954838159446642,evaluated
33,poisson,207,24,0.0006825244680250994,0.024767484374750865,evaluated
34,poisson,207,24,0.02278897218459071,0.15050489398384556,evaluated
35,poisson,207,24,0.0025406301982219613,0.050382414911317654,evaluated
36,poisson,207,24,0.06619750050259864,0.22870222124219156,evaluated
37,poisson,207,24,0.07226546744488829,0.24240993329018745,evaluated
38,poisson,207,24,0.06289351955282073,0.2197206760816671,evaluated
39,poisson,207,24,0.0485739041379559,0.16797843601318094,evaluated
40,poisson,207,24,0.004783764445491382,0.06913878788265888,evaluated
41,poisson,207,24,0.008160326771176469,0.08963752703523713,evaluated
42,poisson,207,24,0.025070883334389334,0.1563430412592081,evaluated
43,poisson,207,24,0.11000333866713836,0.20749809698098673,evaluated
45,poisson,207,24,0.008415419872725852,0.09093112306432576,evaluated
46,poisson,207,24,0.07381950911808803,0.165579959107051,evaluated
47,poisson,207,24,0.004295435257297916,0.0655217317591065,evaluated
48,poisson,207,24,0.01812868014082881,0.134392489862967,evaluated
49,poisson,207,24,0.22550005411953877,0.3736206691513913,evaluated
50,poisson,207,24,0.19429521755293253,0.4349345637312744,evaluated
54,poisson,207,24,0.006098831312141287,0.07804999115598153,evaluated
55,poisson,207,24,0.04113727909517735,0.11295838746886512,evaluated
56,poisson,207,24,0.04628749971229299,0.1528880439131399,evaluated
57,poisson,207,24,0.04277601752285728,0.1275347012368165,evaluated
58,poisson,207,24,0.006559260675639711,0.08097069402831439,evaluated
59,poisson,207,24,0.003906332586899975,0.062236520593700585,evaluated
61,poisson,207,24,0.005290956660688659,0.07269405802692958,evaluated
62,poisson,207,24,0.06204484919537393,0.21234013623718898,evaluated
63,poisson,207,24,0.12532579466401228,0.35398983424346037,evaluated
65,poisson,207,24,0.08104697071778647,0.20467312619126146,evaluated
66,poisson,207,24,0.24033496924835648,0.4885553563701892,evaluated
67,poisson,207,24,0.11028978560190383,0.2458372787347148,evaluated
68,poisson,207,24,0.12240850901755991,0.34136558299322206,evaluated
69,poisson,207,24,0.07427529933462736,0.15477826805719733,evaluated
70,poisson,207,24,0.011678065711899594,0.10518916760726076,evaluated
72,poisson,207,24,0.006611401249524401,0.08092004841722272,evaluated
73,poisson,207,24,0.11089334586197093,0.18189130823563857,evaluated
74,poisson,207,24,0.13680991271636456,0.24815154442662082,evaluated
75,poisson,207,24,0.02864350286111436,0.1690281067197703,evaluated
77,poisson,207,24,0.0030588278231144504,0.05529747258291704,evaluated
78,poisson,207,24,0.017687010105226993,0.1298273689883508,evaluated
79,poisson,207,24,0.05352556885424558,0.18561815034931542,evaluated
80,poisson,207,24,0.2207622840992254,0.27215097130911947,evaluated
81,poisson,207,24,0.4877668748877119,0.46950575630153724,evaluated
82,poisson,207,24,0.024802027601244173,0.15627306447257092,evaluated
83,poisson,207,24,0.04559364444007361,0.1388544390777718,evaluated
84,poisson,207,24,0.05817909982261421,0.20872293253460117,evaluated
85,poisson,207,24,0.006230744367576244,0.07882246192667139,evaluated
86,poisson,207,24,0.009033503375034863,0.09488362936185683,evaluated
87,poisson,207,24,0.04340974235769423,0.105963174401676,evaluated
88,poisson,207,24,0.003960229723725582,0.06287598030257624,evaluated
89,poisson,207,24,0.014345067057546007,0.11929700479904291,evaluated
90,poisson,207,24,0.11800918423144587,0.2945373429134294,evaluated
91,poisson,207,24,0.5373887737019573,0.45008848497237147,evaluated
93,poisson,207,24,0.06218641820779033,0.24874545535420345,evaluated
94,poisson,207,24,0.019700233773771902,0.1396755146810532,evaluated
97,poisson,207,24,0.0071557030947539515,0.08448061609950784,evaluated
98,poisson,207,24,0.04041534945481056,0.08608737964464634,evaluated
99,poisson,207,24,0.07989468663576282,0.17831774248217083,evaluated
100,poisson,207,24,0.420205041036807,0.5626896885753258,evaluated
101,poisson,207,24,0.04110761364156819,0.10858204001484899,evaluated
108,poisson,207,24,0.3171799611328092,0.24105344017455654,evaluated
109,poisson,207,24,0.11586700567629497,0.16164821785880878,evaluated
110,poisson,207,24,0.05149168019271969,0.16950286105541165,evaluated
111,poisson,207,24,0.009784408604262875,0.09838827379806565,evaluated
112,poisson,207,24,0.0016102322128834442,0.03955916758083245,evaluated
114,poisson,207,24,0.02004729546074113,0.14139223919107094,evaluated
120,poisson,207,24,0.0008546983320386355,0.028517255400735894,evaluated
121,poisson,207,24,0.0077473457976028545,0.08789918108950388,evaluated
122,poisson,207,24,0.0783652862302268,0.15955629085617445,evaluated
123,poisson,207,24,0.02225192428573026,0.14906621405628553,evaluated
125,poisson,207,24,0.047639358197151004,0.1412507768592504,evaluated
126,poisson,207,24,0.002912218858083746,0.05379513747229259,evaluated
127,poisson,207,24,0.041121539088627874,0.10318074545232818,evaluated
