hex_id,event_count,event_share,cumulative_share,selected
66,100,0.0322061191626409,0.0322061191626409,True
100,91,0.02930756843800322,0.061513687600644115,True
50,89,0.028663446054750404,0.09017713365539452,True
8,80,0.02576489533011272,0.11594202898550725,True
63,78,0.025120772946859903,0.14106280193236714,True
24,77,0.024798711755233495,0.16586151368760063,True
21,63,0.020289855072463767,0.18615136876006438,True
14,62,0.01996779388083736,0.20611916264090174,True
81,62,0.01996779388083736,0.2260869565217391,True
49,59,0.019001610305958132,0.24508856682769722,True
27,55,0.017713365539452495,0.2628019323671497,True
37,54,0.017391304347826087,0.2801932367149758,True
68,54,0.017391304347826087,0.2975845410628019,True
91,54,0.017391304347826087,0.314975845410628,True
90,53,0.01706924315619968,0.3320450885668277,True
31,52,0.01674718196457327,0.34879227053140094,True
42,52,0.01674718196457327,0.3655394524959742,True
62,49,0.015780998389694042,0.38132045088566824,True
15,48,0.015458937198067632,0.39677938808373586,True
23,48,0.015458937198067632,0.4122383252818035,True
93,47,0.015136876006441223,0.4273752012882447,True
36,45,0.014492753623188406,0.4418679549114331,True
32,41,0.01320450885668277,0.4550724637681159,True
28,40,0.01288244766505636,0.46795491143317225,True
38,40,0.01288244766505636,0.4808373590982286,True
67,38,0.012238325281803542,0.49307568438003213,True
123,37,0.011916264090177134,0.5049919484702092,True
79,35,0.011272141706924315,0.5162640901771336,True
39,34,0.010950080515297906,0.5272141706924315,True
114,34,0.010950080515297906,0.5381642512077294,True
75,33,0.010628019323671498,0.5487922705314009,True
26,32,0.010305958132045089,0.5590982286634459,True
13,31,0.00998389694041868,0.5690821256038646,True
80,31,0.00998389694041868,0.5790660225442833,True
84,31,0.00998389694041868,0.589049919484702,True
3,30,0.00966183574879227,0.5987117552334943,True
7,30,0.00966183574879227,0.6083735909822866,True
25,29,0.00933977455716586,0.6177133655394524,True
108,29,0.00933977455716586,0.6270531400966183,True
74,28,0.009017713365539453,0.6360708534621577,True
83,28,0.009017713365539453,0.6450885668276972,True
89,28,0.009017713365539453,0.6541062801932367,True
22,27,0.008695652173913044,0.6628019323671497,True
34,27,0.008695652173913044,0.6714975845410627,True
82,27,0.008695652173913044,0.6801932367149757,True
12,26,0.008373590982286634,0.6885668276972623,True
65,26,0.008373590982286634,0.6969404186795489,True
110,26,0.008373590982286634,0.7053140096618356,True
48,25,0.008051529790660225,0.7133655394524958,True
122,25,0.008051529790660225,0.7214170692431561,True
94,24,0.007729468599033816,0.7291465378421899,True
6,23,0.007407407407407408,0.7365539452495973,True
43,23,0.007407407407407408,0.7439613526570047,True
16,22,0.007085346215780998,0.7510466988727857,True
46,22,0.007085346215780998,0.7581320450885668,True
56,22,0.007085346215780998,0.7652173913043478,True
86,22,0.007085346215780998,0.7723027375201289,True
57,20,0.00644122383252818,0.7787439613526571,True
78,20,0.00644122383252818,0.7851851851851853,True
97,20,0.00644122383252818,0.7916264090177135,True
99,19,0.006119162640901771,0.7977455716586153,True
121,19,0.006119162640901771,0.803864734299517,True
9,18,0.005797101449275362,0.8096618357487924,True
54,18,0.005797101449275362,0.8154589371980677,True
55,18,0.005797101449275362,0.8212560386473431,True
58,18,0.005797101449275362,0.8270531400966185,True
85,18,0.005797101449275362,0.8328502415458938,True
2,17,0.005475040257648953,0.8383252818035428,True
111,17,0.005475040257648953,0.8438003220611918,True
127,17,0.005475040257648953,0.8492753623188408,True
69,16,0.0051529790660225444,0.8544283413848633,True
73,16,0.0051529790660225444,0.8595813204508859,True
125,16,0.0051529790660225444,0.8647342995169084,True
40,15,0.004830917874396135,0.8695652173913045,True
41,15,0.004830917874396135,0.8743961352657007,True
45,15,0.004830917874396135,0.8792270531400969,True
70,15,0.004830917874396135,0.884057971014493,True
72,15,0.004830917874396135,0.8888888888888892,True
109,15,0.004830917874396135,0.8937198067632853,True
47,14,0.0045088566827697265,0.898228663446055,True
61,14,0.0045088566827697265,0.9027375201288247,True
98,14,0.0045088566827697265,0.9072463768115944,True
112,13,0.004186795491143317,0.9114331723027377,True
126,13,0.004186795491143317,0.915619967793881,True
4,12,0.003864734299516908,0.9194847020933979,True
33,12,0.003864734299516908,0.9233494363929149,True
87,12,0.003864734299516908,0.9272141706924318,True
88,12,0.003864734299516908,0.9310789049919488,True
29,11,0.003542673107890499,0.9346215780998393,True
35,11,0.003542673107890499,0.9381642512077297,True
59,11,0.003542673107890499,0.9417069243156202,True
77,11,0.003542673107890499,0.9452495974235107,True
101,11,0.003542673107890499,0.9487922705314011,True
120,10,0.00322061191626409,0.9520128824476652,True
60,9,0.002898550724637681,0.9549114331723029,False
92,9,0.002898550724637681,0.9578099838969405,False
102,9,0.002898550724637681,0.9607085346215781,False
44,8,0.0025764895330112722,0.9632850241545894,False
71,8,0.0025764895330112722,0.9658615136876006,False
128,8,0.0025764895330112722,0.9684380032206119,False
129,8,0.0025764895330112722,0.9710144927536232,False
103,7,0.0022544283413848632,0.9732689210950081,False
17,6,0.001932367149758454,0.9752012882447665,False
18,6,0.001932367149758454,0.9771336553945249,False
96,6,0.001932367149758454,0.9790660225442833,False
105,6,0.001932367149758454,0.9809983896940417,False
118,6,0.001932367149758454,0.9829307568438002,False
131,6,0.001932367149758454,0.9848631239935586,False
53,5,0.001610305958132045,0.9864734299516906,False
95,5,0.001610305958132045,0.9880837359098227,False
119,5,0.001610305958132045,0.9896940418679547,False
19,4,0.0012882447665056361,0.9909822866344604,False
106,4,0.0012882447665056361,0.9922705314009661,False
113,4,0.0012882447665056361,0.9935587761674718,False
117,4,0.0012882447665056361,0.9948470209339775,False
124,4,0.0012882447665056361,0.9961352657004832,False
20,2,0.0006441223832528181,0.996779388083736,False
64,2,0.0006441223832528181,0.9974235104669888,False
107,2,0.0006441223832528181,0.9980676328502417,False
0,1,0.00032206119162640903,0.9983896940418681,False
10,1,0.00032206119162640903,0.9987117552334944,False
11,1,0.00032206119162640903,0.9990338164251208,False
52,1,0.00032206119162640903,0.9993558776167472,False
115,1,0.00032206119162640903,0.9996779388083735,False
116,1,0.00032206119162640903,0.9999999999999999,False
