hex_id,model,semana,y_true,y_pred
2,poisson,2026-01-05,0,0.05740884471763825
2,poisson,2026-01-12,0,0.05686332556930852
2,poisson,2026-01-19,0,0.05861498269628992
2,poisson,2026-01-26,0,0.06007747790068659
2,poisson,2026-02-02,0,0.05840664595478954
2,poisson,2026-02-09,0,0.05986394297484276
2,poisson,2026-02-16,0,0.061357600833118045
2,poisson,2026-02-23,0,0.06288852676440558
2,poisson,2026-03-02,0,0.061139515933390495
2,poisson,2026-03-09,0,0.06266500045524087
2,poisson,2026-03-16,0,0.06422854715326123
2,poisson,2026-03-23,0,0.0658311057121151
2,poisson,2026-03-30,0,0.06747364951193083
2,poisson,2026-04-06,0,0.06559712051886693
2,poisson,2026-04-13,0,0.06723382618298285
2,poisson,2026-04-20,0,0.06891136908827275
2,poisson,2026-04-27,1,0.0706307681597048
2,poisson,2026-05-04,0,0.0643742137413555
2,poisson,2026-05-11,0,0.06624309418370175
2,poisson,2026-05-18,0,0.07422101268152789
2,poisson,2026-05-25,0,0.07351573836664942
2,poisson,2026-06-01,0,0.07187936521613754
2,poisson,2026-06-08,0,0.07367281839291946
2,poisson,2026-06-15,0,0.07551101979873258
3,poisson,2026-01-05,0,0.1430168467953292
3,poisson,2026-01-12,0,0.1456110321806573
3,poisson,2026-01-19,0,0.1482522735455028
3,poisson,2026-01-26,0,0.15094142443919994
3,poisson,2026-02-02,0,0.13955322129314654
3,poisson,2026-02-09,0,0.1420845799076476
3,poisson,2026-02-16,0,0.14466185488563948
3,poisson,2026-02-23,0,0.1472858791049389
3,poisson,2026-03-02,1,0.13617347892702925
3,poisson,2026-03-09,0,0.15736703395830978
3,poisson,2026-03-16,0,0.1600619921500322
3,poisson,2026-03-23,0,0.16972545362958597
3,poisson,2026-03-30,0,0.14870009410795793
3,poisson,2026-04-06,0,0.13528582108651094
3,poisson,2026-04-13,0,0.13773977324507722
3,poisson,2026-04-20,0,0.1402382376899139
3,poisson,2026-04-27,0,0.1427820218302535
3,poisson,2026-05-04,0,0.13200942791676398
3,poisson,2026-05-11,0,0.13440394951544868
3,poisson,2026-05-18,0,0.13684190538831398
3,poisson,2026-05-25,0,0.13932408339051006
3,poisson,2026-06-01,0,0.12881238343349846
3,poisson,2026-06-08,0,0.1311489137796798
3,poisson,2026-06-15,0,0.1335278264955768
4,poisson,2026-01-05,0,0.0757736356326857
4,poisson,2026-01-12,1,0.07501403601076945
4,poisson,2026-01-19,0,0.06648818020467498
4,poisson,2026-01-26,0,0.08597346932789593
4,poisson,2026-02-02,0,0.07274520796495994
4,poisson,2026-02-09,0,0.07059694721984179
4,poisson,2026-02-16,0,0.0695662608617144
4,poisson,2026-02-23,0,0.06886888762618905
4,poisson,2026-03-02,0,0.06649386346107493
4,poisson,2026-03-09,0,0.06582728974947918
4,poisson,2026-03-16,0,0.0651673981659756
4,poisson,2026-03-23,0,0.06451412172497047
4,poisson,2026-03-30,0,0.06386739411237313
4,poisson,2026-04-06,0,0.06166485230273788
4,poisson,2026-04-13,0,0.061046687447592986
4,poisson,2026-04-20,0,0.06043471944160716
4,poisson,2026-04-27,0,0.059828886163908954
4,poisson,2026-05-04,0,0.05776561702585611
4,poisson,2026-05-11,0,0.05718654040525811
4,poisson,2026-05-18,0,0.05661326879029822
4,poisson,2026-05-25,0,0.056045743988175564
4,poisson,2026-06-01,0,0.0541129409342593
4,poisson,2026-06-08,0,0.053570480893491354
4,poisson,2026-06-15,0,0.05303345879216546
6,poisson,2026-01-05,0,0.05487086748322812
6,poisson,2026-01-12,0,0.10517437230930347
6,poisson,2026-01-19,0,0.06567329940828005
6,poisson,2026-01-26,0,0.06762888374340091
6,poisson,2026-02-02,0,0.0681231451898718
6,poisson,2026-02-09,0,0.06968068400268164
6,poisson,2026-02-16,0,0.07127383372492098
6,poisson,2026-02-23,0,0.07290340854937905
6,poisson,2026-03-02,0,0.07343621852889894
6,poisson,2026-03-09,0,0.07511523320600974
6,poisson,2026-03-16,0,0.0768326361653936
6,poisson,2026-03-23,0,0.07858930510051919
6,poisson,2026-03-30,0,0.08038613777206782
6,poisson,2026-04-06,0,0.0809736348078341
6,poisson,2026-04-13,1,0.08282498178654409
6,poisson,2026-04-20,0,0.0799817706753075
6,poisson,2026-04-27,0,0.082670588250084
6,poisson,2026-05-04,0,0.10266686376655955
6,poisson,2026-05-11,0,0.08908441671176485
6,poisson,2026-05-18,0,0.09132605085745127
6,poisson,2026-05-25,0,0.09341409110331286
6,poisson,2026-06-01,0,0.09409680211721441
6,poisson,2026-06-08,0,0.09624819164936768
6,poisson,2026-06-15,0,0.09844876964292365
7,poisson,2026-01-05,0,0.08303915079898637
7,poisson,2026-01-12,0,0.09301220610281072
7,poisson,2026-01-19,0,0.0964446080845415
7,poisson,2026-01-26,0,0.09957866272895423
7,poisson,2026-02-02,0,0.09571745505743086
7,poisson,2026-02-09,0,0.09882788020749367
7,poisson,2026-02-16,0,0.10203938143201266
7,poisson,2026-02-23,0,0.10535524328931498
7,poisson,2026-03-02,0,0.10127004609469921
7,poisson,2026-03-09,0,0.10456090770538427
7,poisson,2026-03-16,0,0.1079587088362761
7,poisson,2026-03-23,0,0.11146692458366701
7,poisson,2026-03-30,0,0.115089142970242
7,poisson,2026-04-06,0,0.11062650941434334
7,poisson,2026-04-13,0,0.11422141775096357
7,poisson,2026-04-20,0,0.11793314588075207
7,poisson,2026-04-27,0,0.12176548996839441
7,poisson,2026-05-04,0,0.11704397803895114
7,poisson,2026-05-11,0,0.12084742781451523
7,poisson,2026-05-18,0,0.12477447412565183
7,poisson,2026-05-25,0,0.12882913335341153
7,poisson,2026-06-01,0,0.12383372545790804
7,poisson,2026-06-08,1,0.12785781420806486
7,poisson,2026-06-15,0,0.13319666963738586
8,poisson,2026-01-05,0,0.3977286857356826
8,poisson,2026-01-12,0,0.4047136827381693
8,poisson,2026-01-19,0,0.41182135176526624
8,poisson,2026-01-26,0,0.4190538472095402
8,poisson,2026-02-02,0,0.38656253848791255
8,poisson,2026-02-09,0,0.3933514332029549
8,poisson,2026-02-16,0,0.4002595559519196
8,poisson,2026-02-23,0,0.4072890006432658
8,poisson,2026-03-02,0,0.37570987842080245
8,poisson,2026-03-09,0,0.3823081763779128
8,poisson,2026-03-16,0,0.3890223550675549
8,poisson,2026-03-23,0,0.39585444961215865
8,poisson,2026-03-30,0,0.4028065308754134
8,poisson,2026-04-06,0,0.37157495661136264
8,poisson,2026-04-13,0,0.37810063617940454
8,poisson,2026-04-20,0,0.38474092114015945
8,poisson,2026-04-27,0,0.3914978242182642
8,poisson,2026-05-04,0,0.3611430696796175
8,poisson,2026-05-11,0,0.3674855421983269
8,poisson,2026-05-18,0,0.3739394025880157
8,poisson,2026-05-25,0,0.3805066070665098
8,poisson,2026-06-01,0,0.3510040557281968
8,poisson,2026-06-08,0,0.35716846469605157
8,poisson,2026-06-15,0,0.3634411343443823
9,poisson,2026-01-05,0,0.05654971467176418
9,poisson,2026-01-12,0,0.057446126979163716
9,poisson,2026-01-19,0,0.05835674899618819
9,poisson,2026-01-26,0,0.05928180597169452
9,poisson,2026-02-02,0,0.059893939132375035
9,poisson,2026-02-09,0,0.06084336327162197
9,poisson,2026-02-16,0,0.06180783745114414
9,poisson,2026-02-23,0,0.06278760024051541
9,poisson,2026-03-02,0,0.063435933596033
9,poisson,2026-03-09,0,0.06444150456905962
9,poisson,2026-03-16,0,0.06546301560829906
9,poisson,2026-03-23,0,0.06650071939179966
9,poisson,2026-03-30,0,0.06755487260300051
9,poisson,2026-04-06,0,0.06825243194701897
9,poisson,2026-04-13,0,0.06933435287911176
9,poisson,2026-04-20,0,0.07043342415837767
9,poisson,2026-04-27,0,0.07154991764794409
9,poisson,2026-05-04,0,0.07228872910144767
9,poisson,2026-05-11,0,0.073434632433214
9,poisson,2026-05-18,0,0.07459870034557364
9,poisson,2026-05-25,0,0.07578122077903521
9,poisson,2026-06-01,0,0.07656372390010827
9,poisson,2026-06-08,0,0.07777739340848278
9,poisson,2026-06-15,0,0.07901030171038145
12,poisson,2026-01-05,0,0.18249168004987962
12,poisson,2026-01-12,0,0.18370655974335198
12,poisson,2026-01-19,0,0.18492952710783056
12,poisson,2026-01-26,0,0.18616063598438506
12,poisson,2026-02-02,0,0.1689342843152365
12,poisson,2026-02-09,0,0.1700589100049653
12,poisson,2026-02-16,0,0.1711910225286848
12,poisson,2026-02-23,0,0.17233067172758543
12,poisson,2026-03-02,0,0.15638407410847868
12,poisson,2026-03-09,0,0.1574251508083312
12,poisson,2026-03-16,0,0.15847315814163312
12,poisson,2026-03-23,0,0.15952814224684872
12,poisson,2026-03-30,0,0.16059014956959403
12,poisson,2026-04-06,0,0.14572995973161432
12,poisson,2026-04-13,0,0.14670011009003117
12,poisson,2026-04-20,0,0.14767671891258038
12,poisson,2026-04-27,0,0.14865982919441068
12,poisson,2026-05-04,0,0.13490361009235904
12,poisson,2026-05-11,0,0.13580168750845012
12,poisson,2026-05-18,0,0.13670574358622972
12,poisson,2026-05-25,0,0.13761581812671592
12,poisson,2026-06-01,0,0.12488155523728722
12,poisson,2026-06-08,0,0.1257129140450179
12,poisson,2026-06-15,0,0.12654980735675012
13,poisson,2026-01-05,0,0.1368111374421974
13,poisson,2026-01-12,0,0.14376165608236718
13,poisson,2026-01-19,0,0.13724197895935172
13,poisson,2026-01-26,0,0.1413019080123184
13,poisson,2026-02-02,0,0.1368560499808174
13,poisson,2026-02-09,0,0.13896545932497853
13,poisson,2026-02-16,0,0.14110738172049445
13,poisson,2026-02-23,0,0.1432823183022023
13,poisson,2026-03-02,0,0.1387741495551788
13,poisson,2026-03-09,0,0.1409131232274479
13,poisson,2026-03-16,0,0.1430850656362239
13,poisson,2026-03-23,0,0.145290484939976
13,poisson,2026-03-30,0,0.14752989712959458
13,poisson,2026-04-06,0,0.14288808452234414
13,poisson,2026-04-13,0,0.14509046768847356
13,poisson,2026-04-20,0,0.1473267969434365
13,poisson,2026-04-27,0,0.14959759550996957
13,poisson,2026-05-04,0,0.14489072579499548
13,poisson,2026-05-11,0,0.14712397635949076
13,poisson,2026-05-18,0,0.14939164878264158
13,poisson,2026-05-25,0,0.15169427362038834
13,poisson,2026-06-01,0,0.1469214349928369
13,poisson,2026-06-08,0,0.14918598557627766
13,poisson,2026-06-15,0,0.15148544045632567
14,poisson,2026-01-05,0,0.261085440176352
14,poisson,2026-01-12,0,0.2673922095163804
14,poisson,2026-01-19,0,0.27385132492167163
14,poisson,2026-01-26,1,0.28046646645762074
14,poisson,2026-02-02,0,0.21488716886291204
14,poisson,2026-02-09,0,0.2618562384790169
14,poisson,2026-02-16,0,0.25514659764071773
14,poisson,2026-02-23,0,0.287649066304783
14,poisson,2026-03-02,0,0.27638339772920695
14,poisson,2026-03-09,0,0.2830597039135504
14,poisson,2026-03-16,0,0.28989728268023174
14,poisson,2026-03-23,0,0.29690002972323143
14,poisson,2026-03-30,0,0.3040719348407562
14,poisson,2026-04-06,0,0.2912344170923952
14,poisson,2026-04-13,0,0.2982694639002092
14,poisson,2026-04-20,0,0.3054744490143615
14,poisson,2026-04-27,0,0.3128534774577114
14,poisson,2026-05-04,0,0.2996452145129476
14,poisson,2026-05-11,0,0.30688343220329445
14,poisson,2026-05-18,0,0.31429649598760623
14,poisson,2026-05-25,0,0.32188862944106145
14,poisson,2026-06-01,0,0.3082989142455132
14,poisson,2026-06-08,0,0.31574617035682406
14,poisson,2026-06-15,0,0.32337332208574743
15,poisson,2026-01-05,0,0.2794165291231434
15,poisson,2026-01-12,0,0.2835013490374669
15,poisson,2026-01-19,0,0.2876458853679409
15,poisson,2026-01-26,0,0.29185101111519524
15,poisson,2026-02-02,0,0.2652940841963658
15,poisson,2026-02-09,0,0.26917244658844863
15,poisson,2026-02-16,0,0.27310750717223786
15,poisson,2026-02-23,0,0.2771000948246195
15,poisson,2026-03-02,0,0.25188542471147224
15,poisson,2026-03-09,1,0.25556776448649604
15,poisson,2026-03-16,0,0.24478259740437128
15,poisson,2026-03-23,0,0.22013485130367308
15,poisson,2026-03-30,0,0.3521990303914847
15,poisson,2026-04-06,0,0.24262118687529935
15,poisson,2026-04-13,0,0.24619803506918855
15,poisson,2026-04-20,0,0.24979723029100992
15,poisson,2026-04-27,0,0.253449042530027
15,poisson,2026-05-04,0,0.2303864953954532
15,poisson,2026-05-11,0,0.23375454003954005
15,poisson,2026-05-18,0,0.23717182248597765
15,poisson,2026-05-25,0,0.24063906254742778
15,poisson,2026-06-01,0,0.21874215709053613
15,poisson,2026-06-08,0,0.2219399719162715
15,poisson,2026-06-15,0,0.22518453593656404
16,poisson,2026-01-05,0,0.09345708966485072
16,poisson,2026-01-12,0,0.09559404422028199
16,poisson,2026-01-19,0,0.09735679581402605
16,poisson,2026-01-26,0,0.09860697595248913
16,poisson,2026-02-02,0,0.09649042536485052
16,poisson,2026-02-09,0,0.09772948024884051
16,poisson,2026-02-16,0,0.09898444611052325
16,poisson,2026-02-23,0,0.10025552726628077
16,poisson,2026-03-02,0,0.09810359132970255
16,poisson,2026-03-09,0,0.09936336123448225
16,poisson,2026-03-16,0,0.10063930812311621
16,poisson,2026-03-23,0,0.1019316397278305
16,poisson,2026-03-30,0,0.10324056644838664
16,poisson,2026-04-06,0,0.10102455810340139
16,poisson,2026-04-13,0,0.10232183678828269
16,poisson,2026-04-20,0,0.10363577411555591
16,poisson,2026-04-27,0,0.10496658400253094
16,poisson,2026-05-04,0,0.10271352753358477
16,poisson,2026-05-11,0,0.10403249464831256
16,poisson,2026-05-18,0,0.10536839891135472
16,poisson,2026-05-25,0,0.10672145781637722
16,poisson,2026-06-01,0,0.10443073383794656
16,poisson,2026-06-08,0,0.10577175197846464
16,poisson,2026-06-15,0,0.10712999042939426
21,poisson,2026-01-05,0,0.28056352824026815
21,poisson,2026-01-12,1,0.27303890673000597
21,poisson,2026-01-19,0,0.37661694648070937
21,poisson,2026-01-26,0,0.23895322276427444
21,poisson,2026-02-02,0,0.2909193200688444
21,poisson,2026-02-09,0,0.2729332446848715
21,poisson,2026-02-16,0,0.2656132648688824
21,poisson,2026-02-23,0,0.25978454073781615
21,poisson,2026-03-02,0,0.276174994384411
21,poisson,2026-03-09,0,0.27011449942020005
21,poisson,2026-03-16,0,0.2641869983908422
21,poisson,2026-03-23,0,0.25838957282403247
21,poisson,2026-03-30,0,0.2527193682915939
21,poisson,2026-04-06,0,0.2686640626133417
21,poisson,2026-04-13,0,0.2627683905516406
21,poisson,2026-04-20,0,0.2570020954848417
21,poisson,2026-04-27,0,0.2513623383122225
21,poisson,2026-05-04,0,0.2672214142330032
21,poisson,2026-05-11,0,0.2613574002266002
21,poisson,2026-05-18,0,0.2556220684980229
21,poisson,2026-05-25,0,0.25001259519169905
21,poisson,2026-06-01,0,0.2657865124575849
21,poisson,2026-06-08,2,0.2599539865118712
21,poisson,2026-06-15,0,0.5056890872733389
22,poisson,2026-01-05,0,0.06573757842229948
22,poisson,2026-01-12,0,0.06429792551243037
22,poisson,2026-01-19,0,0.06637996925386284
22,poisson,2026-01-26,0,0.06852943206218888
22,poisson,2026-02-02,0,0.06815798086805074
22,poisson,2026-02-09,0,0.07036501781930614
22,poisson,2026-02-16,0,0.07264352126710633
22,poisson,2026-02-23,0,0.07499580538209781
22,poisson,2026-03-02,0,0.07458930439958202
22,poisson,2026-03-09,1,0.07700459529995372
22,poisson,2026-03-16,0,0.10441764219753025
22,poisson,2026-03-23,0,0.06795380759701039
22,poisson,2026-03-30,0,0.11010793710069598
22,poisson,2026-04-06,0,0.0865774712333095
22,poisson,2026-04-13,0,0.08699946245164113
22,poisson,2026-04-20,0,0.08981660911480079
22,poisson,2026-04-27,0,0.09272497835679142
22,poisson,2026-05-04,0,0.09222237964992042
22,poisson,2026-05-11,0,0.09520865061962698
22,poisson,2026-05-18,0,0.09829162061551752
22,poisson,2026-05-25,0,0.10147442086773141
22,poisson,2026-06-01,0,0.10092439741544909
22,poisson,2026-06-08,0,0.10419245012977897
22,poisson,2026-06-15,0,0.10756632630025179
23,poisson,2026-01-05,0,0.09039648936764547
23,poisson,2026-01-12,0,0.13240119587734883
23,poisson,2026-01-19,0,0.13429453304773453
23,poisson,2026-01-26,0,0.14093678043559374
23,poisson,2026-02-02,0,0.1324883488900849
23,poisson,2026-02-09,0,0.13904126187444407
23,poisson,2026-02-16,0,0.14591828387623995
23,poisson,2026-02-23,0,0.15313544542348884
23,poisson,2026-03-02,0,0.1439557669616087
23,poisson,2026-03-09,0,0.15107586184088528
23,poisson,2026-03-16,0,0.1585481187221428
23,poisson,2026-03-23,0,0.16638995564232348
23,poisson,2026-03-30,0,0.17461965213963654
23,poisson,2026-04-06,0,0.16415210652774806
23,poisson,2026-04-13,0,0.1722711183449154
23,poisson,2026-04-20,0,0.18079169889173016
23,poisson,2026-04-27,0,0.18973370987652122
23,poisson,2026-05-04,0,0.1783601546213708
23,poisson,2026-05-11,0,0.18718190070623092
23,poisson,2026-05-18,0,0.19643997296579602
23,poisson,2026-05-25,0,0.20615595222192415
23,poisson,2026-06-01,0,0.19379796841767474
23,poisson,2026-06-08,0,0.20338327334618717
23,poisson,2026-06-15,0,0.2134426702960078
24,poisson,2026-01-05,0,0.4051826650587753
24,poisson,2026-01-12,0,0.4087730634803395
24,poisson,2026-01-19,2,0.4123952770853684
24,poisson,2026-01-26,0,0.3345479232832889
24,poisson,2026-02-02,0,0.8193044865243871
24,poisson,2026-02-09,0,0.3542577044345366
24,poisson,2026-02-16,0,0.40223981885921684
24,poisson,2026-02-23,0,0.39410939158791125
24,poisson,2026-03-02,0,0.36357518425975843
24,poisson,2026-03-09,0,0.3667968911101657
24,poisson,2026-03-16,0,0.3700471460999382
24,poisson,2026-03-23,1,0.3733262021994108
24,poisson,2026-03-30,0,0.3377353398359251
24,poisson,2026-04-06,0,0.5076433814291352
24,poisson,2026-04-13,0,0.33528291246768294
24,poisson,2026-04-20,0,0.35884756623075686
24,poisson,2026-04-27,0,0.3567726659056239
24,poisson,2026-05-04,0,0.32913117655697405
24,poisson,2026-05-11,0,0.3320476686942334
24,poisson,2026-05-18,1,0.3349900044069198
24,poisson,2026-05-25,0,0.30305390383388314
24,poisson,2026-06-01,0,0.4555143935256254
24,poisson,2026-06-08,0,0.3008533118313528
24,poisson,2026-06-15,0,0.3219981535848473
25,poisson,2026-01-05,0,0.1766539490244985
25,poisson,2026-01-12,0,0.17828714563903714
25,poisson,2026-01-19,0,0.17993544144154452
25,poisson,2026-01-26,0,0.18159897602665076
25,poisson,2026-02-02,0,0.1657352285387437
25,poisson,2026-02-09,0,0.16726747967523953
25,poisson,2026-02-16,0,0.16881389674112762
25,poisson,2026-02-23,0,0.17037461070289958
25,poisson,2026-03-02,0,0.15549137808960217
25,poisson,2026-03-09,0,0.15692892303942196
25,poisson,2026-03-16,0,0.15837975834339602
25,poisson,2026-03-23,0,0.15984400687316996
25,poisson,2026-03-30,0,0.16132179263635912
25,poisson,2026-04-06,0,0.14722937736688024
25,poisson,2026-04-13,0,0.14859053867691058
25,poisson,2026-04-20,0,0.1499642841610036
25,poisson,2026-04-27,0,0.15135073016204656
25,poisson,2026-05-04,0,0.1381293463308475
25,poisson,2026-05-11,0,0.13940637626446475
25,poisson,2026-05-18,1,0.1406952125628746
25,poisson,2026-05-25,0,0.13667193803683927
25,poisson,2026-06-01,0,0.1506485390718517
25,poisson,2026-06-08,0,0.11772515053758507
25,poisson,2026-06-15,0,0.1331352969597966
26,poisson,2026-01-05,0,0.07843458428448709
26,poisson,2026-01-12,0,0.08031452875882568
26,poisson,2026-01-19,0,0.08223953232615026
26,poisson,2026-01-26,0,0.08421067497679492
26,poisson,2026-02-02,0,0.08644398868417956
26,poisson,2026-02-09,0,0.08851590505052603
26,poisson,2026-02-16,0,0.09063748175178388
26,poisson,2026-02-23,0,0.09280990906228256
26,poisson,2026-03-02,0,0.09527127921692194
26,poisson,2026-03-09,0,0.09755477082411136
26,poisson,2026-03-16,0,0.09989299386729039
26,poisson,2026-03-23,0,0.10228726016651382
26,poisson,2026-03-30,0,0.10473891298394711
26,poisson,2026-04-06,0,0.10751664692478148
26,poisson,2026-04-13,0,0.11009363930804618
26,poisson,2026-04-20,0,0.11273239784504932
26,poisson,2026-04-27,0,0.11543440296614557
26,poisson,2026-05-04,0,0.11849578722080328
26,poisson,2026-05-11,0,0.12133593104830369
26,poisson,2026-05-18,0,0.12424414832508092
26,poisson,2026-05-25,0,0.12722207065670768
26,poisson,2026-06-01,0,0.13059607038248805
26,poisson,2026-06-08,0,0.1337262375546043
26,poisson,2026-06-15,0,0.1369314295455892
27,poisson,2026-01-05,0,0.19691017707677394
27,poisson,2026-01-12,0,0.19526727136709734
27,poisson,2026-01-19,1,0.19363807312145823
27,poisson,2026-01-26,0,0.220330020570179
27,poisson,2026-02-02,0,0.2785093855972915
27,poisson,2026-02-09,0,0.207354573429299
27,poisson,2026-02-16,0,0.20393052757180277
27,poisson,2026-02-23,0,0.19535132119276513
27,poisson,2026-03-02,0,0.2037965247657293
27,poisson,2026-03-09,0,0.2020961633160551
27,poisson,2026-03-16,0,0.20040998870819712
27,poisson,2026-03-23,0,0.1987378825752747
27,poisson,2026-03-30,0,0.19707972753799263
27,poisson,2026-04-06,0,0.2055996515856028
27,poisson,2026-04-13,0,0.20388424587873677
27,poisson,2026-04-20,0,0.2021831525343502
27,poisson,2026-04-27,0,0.20049625213828998
27,poisson,2026-05-04,0,0.20916387544682852
27,poisson,2026-05-11,0,0.20741873189797227
27,poisson,2026-05-18,0,0.2056881488271126
27,poisson,2026-05-25,0,0.20397200474996252
27,poisson,2026-06-01,0,0.21278988779667746
27,poisson,2026-06-08,0,0.2110144908780799
27,poisson,2026-06-15,0,0.2092539068542642
28,poisson,2026-01-05,3,0.1366739276523288
28,poisson,2026-01-12,0,0.2080935932218706
28,poisson,2026-01-19,0,0.1456925483429554
28,poisson,2026-01-26,0,0.121914522685271
28,poisson,2026-02-02,0,0.14184380715684494
28,poisson,2026-02-09,0,0.14551643693621388
28,poisson,2026-02-16,1,0.15081064777542735
28,poisson,2026-02-23,0,0.18188425548706444
28,poisson,2026-03-02,0,0.14267159653609496
28,poisson,2026-03-09,0,0.13784185562800924
28,poisson,2026-03-16,0,0.15460754657866813
28,poisson,2026-03-23,0,0.159690059080909
28,poisson,2026-03-30,0,0.16549993774136149
28,poisson,2026-04-06,0,0.15190214210237385
28,poisson,2026-04-13,0,0.15742867906376637
28,poisson,2026-04-20,0,0.1631562837017757
28,poisson,2026-04-27,0,0.16909227130459453
28,poisson,2026-05-04,0,0.15519932257777755
28,poisson,2026-05-11,0,0.16084581828045913
28,poisson,2026-05-18,0,0.16669774602492304
28,poisson,2026-05-25,0,0.1727625798846502
28,poisson,2026-06-01,0,0.15856807149149907
28,poisson,2026-06-08,0,0.16433712975404746
28,poisson,2026-06-15,0,0.170316079156241
29,poisson,2026-01-05,0,0.0596379008729645
29,poisson,2026-01-12,0,0.05963885069644747
29,poisson,2026-01-19,0,0.05963980053505783
29,poisson,2026-01-26,0,0.05964075038879577
29,poisson,2026-02-02,0,0.058439320276617024
29,poisson,2026-02-09,0,0.058440251010896976
29,poisson,2026-02-16,0,0.05844118176000029
29,poisson,2026-02-23,0,0.0584421125239272
29,poisson,2026-03-02,0,0.05726482831224536
29,poisson,2026-03-09,0,0.057265740340970116
29,poisson,2026-03-16,0,0.05726665238422028
29,poisson,2026-03-23,0,0.05726756444199611
29,poisson,2026-03-30,0,0.05726847651429786
29,poisson,2026-04-06,0,0.056114834554491025
29,poisson,2026-04-13,0,0.056115728267831434
29,poisson,2026-04-20,0,0.05611662199540555
29,poisson,2026-04-27,0,0.056117515737213616
29,poisson,2026-05-04,0,0.05498705924919432
29,poisson,2026-05-11,0,0.054987935001012705
29,poisson,2026-05-18,0,0.05498881076677878
29,poisson,2026-05-25,0,0.05498968654649272
29,poisson,2026-06-01,0,0.05388194955717677
29,poisson,2026-06-08,0,0.05388280770845724
29,poisson,2026-06-15,0,0.05388366587340504
31,poisson,2026-01-05,0,0.34028287879557784
31,poisson,2026-01-12,0,0.31506132483818866
31,poisson,2026-01-19,0,0.2305361601589072
31,poisson,2026-01-26,1,0.22628987421378266
31,poisson,2026-02-02,0,0.17908706011286799
31,poisson,2026-02-09,0,0.327966383717632
31,poisson,2026-02-16,0,0.30358524338467857
31,poisson,2026-02-23,0,0.22213890050375323
31,poisson,2026-03-02,0,0.23084701764011156
31,poisson,2026-03-09,0,0.2265409220696603
31,poisson,2026-03-16,0,0.22231515007995703
31,poisson,2026-03-23,0,0.2181682033583149
31,poisson,2026-03-30,0,0.21409861154076262
31,poisson,2026-04-06,0,0.22243843502814414
31,poisson,2026-04-13,0,0.2182891886156734
31,poisson,2026-04-20,0,0.21421734000448286
31,poisson,2026-04-27,0,0.21022144545779556
31,poisson,2026-05-04,0,0.2184102409654508
31,poisson,2026-05-11,0,0.21433613430911638
31,poisson,2026-05-18,0,0.21033802383763947
31,poisson,2026-05-25,0,0.20641449195923867
31,poisson,2026-06-01,0,0.2144549944911751
31,poisson,2026-06-08,0,0.21045466686606684
31,poisson,2026-06-15,0,0.20652895919162073
32,poisson,2026-01-05,0,0.1439736270267833
32,poisson,2026-01-12,0,0.10109205490301111
32,poisson,2026-01-19,0,0.13312965425781087
32,poisson,2026-01-26,0,0.15511289913109555
32,poisson,2026-02-02,0,0.1624858068671431
32,poisson,2026-02-09,0,0.16295370597954711
32,poisson,2026-02-16,0,0.16342295246858426
32,poisson,2026-02-23,0,0.16389355021420163
32,poisson,2026-03-02,0,0.169366713881299
32,poisson,2026-03-09,0,0.16985442746455767
32,poisson,2026-03-16,0,0.17034354548280736
32,poisson,2026-03-23,0,0.17083407198030218
32,poisson,2026-03-30,0,0.17132601101294215
32,poisson,2026-04-06,0,0.17704737892204678
32,poisson,2026-04-13,0,0.1775572099838996
32,poisson,2026-04-20,0,0.17806850917091308
32,poisson,2026-04-27,0,0.1785812807107455
32,poisson,2026-05-04,0,0.184544935631469
32,poisson,2026-05-11,0,0.1850763568875497
32,poisson,2026-05-18,0,0.1856093084405765
32,poisson,2026-05-25,0,0.18614379469723938
32,poisson,2026-06-01,0,0.19235999693741934
32,poisson,2026-06-08,0,0.192913922683701
32,poisson,2026-06-15,0,0.19346944353154888
33,poisson,2026-01-05,0,0.013107588121030685
33,poisson,2026-01-12,0,0.013920630613633161
33,poisson,2026-01-19,0,0.014784104817140318
33,poisson,2026-01-26,0,0.015701138929017713
33,poisson,2026-02-02,0,0.015900610302050904
33,poisson,2026-02-09,0,0.016886899443463423
33,poisson,2026-02-16,0,0.017934366505219197
33,poisson,2026-02-23,0,0.019046806254775756
33,poisson,2026-03-02,0,0.01928878186003047
33,poisson,2026-03-09,0,0.02048523380358692
33,poisson,2026-03-16,0,0.021755899726213078
33,poisson,2026-03-23,0,0.023105383001006344
33,poisson,2026-03-30,0,0.024538572540852528
33,poisson,2026-04-06,0,0.024850316980483747
33,poisson,2026-04-13,0,0.02639174195304273
33,poisson,2026-04-20,0,0.02802877902374497
33,poisson,2026-04-27,0,0.029767358856407408
33,poisson,2026-05-04,0,0.030145531164129977
33,poisson,2026-05-11,0,0.03201540970869497
33,poisson,2026-05-18,0,0.03400127379527569
33,poisson,2026-05-25,0,0.03611031781946318
33,poisson,2026-06-01,0,0.036569072735821585
33,poisson,2026-06-08,0,0.038837393175459874
33,poisson,2026-06-15,0,0.04124641386347609
34,poisson,2026-01-05,0,0.16734193458810004
34,poisson,2026-01-12,0,0.16786186664754765
34,poisson,2026-01-19,0,0.16838341413798158
34,poisson,2026-01-26,0,0.16890658207855233
34,poisson,2026-02-02,0,0.15941236306016476
34,poisson,2026-02-09,0,0.15990765790918923
34,poisson,2026-02-16,0,0.1604044916412888
34,poisson,2026-02-23,0,0.1609028690377793
34,poisson,2026-03-02,0,0.15185853778358843
34,poisson,2026-03-09,0,0.15233036286729426
34,poisson,2026-03-16,0,0.15280365391342052
34,poisson,2026-03-23,0,0.15327841547671833
34,poisson,2026-03-30,0,0.1537546521260904
34,poisson,2026-04-06,0,0.14511212129977719
34,poisson,2026-04-13,0,0.14556298524050976
34,poisson,2026-04-20,0,0.1460152500173078
34,poisson,2026-04-27,0,0.14646891998257455
34,poisson,2026-05-04,0,0.13823591929906937
34,poisson,2026-05-11,0,0.1386654188527091
34,poisson,2026-05-18,0,0.13909625286317825
34,poisson,2026-05-25,0,0.1395284254766395
34,poisson,2026-06-01,0,0.1316855491691318
34,poisson,2026-06-08,0,0.13209469669660318
34,poisson,2026-06-15,0,0.13250511544707733
35,poisson,2026-01-05,0,0.04774511628039258
35,poisson,2026-01-12,0,0.048117289351450494
35,poisson,2026-01-19,0,0.04849236351073712
35,poisson,2026-01-26,0,0.048870361372228534
35,poisson,2026-02-02,0,0.04851096507132673
35,poisson,2026-02-09,0,0.048889107931939964
35,poisson,2026-02-16,0,0.049270198415277695
35,poisson,2026-02-23,0,0.0496542594980523
35,poisson,2026-03-02,0,0.049289098351571414
35,poisson,2026-03-09,0,0.04967330675930572
35,poisson,2026-03-16,0,0.050060510070690345
35,poisson,2026-03-23,0,0.05045073163099233
35,poisson,2026-03-30,0,0.050843994967454974
35,poisson,2026-04-06,0,0.05047008441714836
35,poisson,2026-04-13,0,0.05086349860853437
35,poisson,2026-04-20,0,0.051259979462633
35,poisson,2026-04-27,0,0.05165955088407296
35,poisson,2026-05-04,0,0.051279642674420665
35,poisson,2026-05-11,0,0.051679367370551066
35,poisson,2026-05-18,0,0.05208220791976399
35,poisson,2026-05-25,0,0.05248818861012697
35,poisson,2026-06-01,0,0.05210218653652177
35,poisson,2026-06-08,0,0.05250832296015623
35,poisson,2026-06-15,0,0.05291762521627423
36,poisson,2026-01-05,0,0.16503711851152245
36,poisson,2026-01-12,0,0.1868699898378398
36,poisson,2026-01-19,0,0.196864801827146
36,poisson,2026-01-26,0,0.2011322024052845
36,poisson,2026-02-02,0,0.19337458932417553
36,poisson,2026-02-09,0,0.1975663332348206
36,poisson,2026-02-16,0,0.2018489407748279
36,poisson,2026-02-23,0,0.20622438157767625
36,poisson,2026-03-02,0,0.19827036456280286
36,poisson,2026-03-09,0,0.2025682332549724
36,poisson,2026-03-16,0,0.2069592660230534
36,poisson,2026-03-23,1,0.2114454823668636
36,poisson,2026-03-30,0,0.20906107982373917
36,poisson,2026-04-06,0,0.16782048568728627
36,poisson,2026-04-13,0,0.185688028412212
36,poisson,2026-04-20,0,0.21025282248839033
36,poisson,2026-04-27,0,0.2214982741139616
36,poisson,2026-05-04,0,0.21295514731397194
36,poisson,2026-05-11,0,0.217571335227356
36,poisson,2026-05-18,0,0.2222875873614008
36,poisson,2026-05-25,0,0.2271060727890394
36,poisson,2026-06-01,0,0.21834665475453946
36,poisson,2026-06-08,0,0.22307971334137752
36,poisson,2026-06-15,0,0.2279153695320653
37,poisson,2026-01-05,0,0.2028797448220652
37,poisson,2026-01-12,0,0.2057281650884619
37,poisson,2026-01-19,0,0.20861657701603276
37,poisson,2026-01-26,0,0.21154554208546308
37,poisson,2026-02-02,0,0.20540214336000426
37,poisson,2026-02-09,0,0.20828597796074816
37,poisson,2026-02-16,1,0.21121030143793895
37,poisson,2026-02-23,0,0.31695414934393024
37,poisson,2026-03-02,0,0.17556529494760523
37,poisson,2026-03-09,0,0.2213865792772422
37,poisson,2026-03-16,0,0.21505449398082693
37,poisson,2026-03-23,0,0.21683852288442426
37,poisson,2026-03-30,0,0.21988292361383774
37,poisson,2026-04-06,0,0.21349740274980702
37,poisson,2026-04-13,0,0.21649489433946262
37,poisson,2026-04-20,0,0.21953447054333053
37,poisson,2026-04-27,0,0.22261672222703965
37,poisson,2026-05-04,0,0.21615181034984723
37,poisson,2026-05-11,0,0.21918656967369612
37,poisson,2026-05-18,0,0.22226393684866028
37,poisson,2026-05-25,0,0.22538451008658553
37,poisson,2026-06-01,0,0.2188392201298503
37,poisson,2026-06-08,0,0.22191171053665273
37,poisson,2026-06-15,0,0.22502733853686407
38,poisson,2026-01-05,0,0.20655643051547207
38,poisson,2026-01-12,0,0.2058746905022699
38,poisson,2026-01-19,1,0.20519520057367868
38,poisson,2026-01-26,0,0.25220330203082825
38,poisson,2026-02-02,0,0.21398073923986696
38,poisson,2026-02-09,0,0.2065799580335931
38,poisson,2026-02-16,0,0.20352879896016848
38,poisson,2026-02-23,0,0.19886295831612527
38,poisson,2026-03-02,0,0.19529163243268002
38,poisson,2026-03-09,0,0.1946470719135973
38,poisson,2026-03-16,0,0.19400463876811264
38,poisson,2026-03-23,0,0.19336432597482417
38,poisson,2026-03-30,0,0.19272612653550425
38,poisson,2026-04-06,0,0.189265010348053
38,poisson,2026-04-13,0,0.1886403407101657
38,poisson,2026-04-20,0,0.18801773279597359
38,poisson,2026-04-27,0,0.1873971798007524
38,poisson,2026-05-04,0,0.18403176472107138
38,poisson,2026-05-11,0,0.18342436742340573
38,poisson,2026-05-18,0,0.18281897484203333
38,poisson,2026-05-25,0,0.18221558036038304
38,poisson,2026-06-01,0,0.17894322021841255
38,poisson,2026-06-08,0,0.1783526176745474
38,poisson,2026-06-15,0,0.1777639644158488
39,poisson,2026-01-05,0,0.11558594200397507
39,poisson,2026-01-12,0,0.12068116916243625
39,poisson,2026-01-19,0,0.126001002699028
39,poisson,2026-01-26,0,0.131555343649274
39,poisson,2026-02-02,0,0.12076672380268526
39,poisson,2026-02-09,0,0.12609032873499323
39,poisson,2026-02-16,0,0.13164860733056621
39,poisson,2026-02-23,0,0.13745190440817479
39,poisson,2026-03-02,0,0.126179718096968
39,poisson,2026-03-09,0,0.13174193712938753
39,poisson,2026-03-16,0,0.13754934834507723
39,poisson,2026-03-23,0,0.14361276023726371
39,poisson,2026-03-30,0,0.14994345775614817
39,poisson,2026-04-06,0,0.13764686136302218
39,poisson,2026-04-13,0,0.1437145717967849
39,poisson,2026-04-20,0,0.15004975734435275
39,poisson,2026-04-27,0,0.15666420876886225
39,poisson,2026-05-04,0,0.1438164555336922
39,poisson,2026-05-11,0,0.1501561322916469
39,poisson,2026-05-18,0,0.15677527290682294
39,poisson,2026-05-25,0,0.16368619662679001
39,poisson,2026-06-01,1,0.1502625826514549
39,poisson,2026-06-08,0,0.13706568353515863
39,poisson,2026-06-15,0,0.1433616634446865
40,poisson,2026-01-05,0,0.06596156775925803
40,poisson,2026-01-12,0,0.06628382969996956
40,poisson,2026-01-19,0,0.06660766608413292
40,poisson,2026-01-26,0,0.06693308460385157
40,poisson,2026-02-02,0,0.0669949775610835
40,poisson,2026-02-09,0,0.06732228833037202
40,poisson,2026-02-16,0,0.06765119820967735
40,poisson,2026-02-23,0,0.0679817150116139
40,poisson,2026-03-02,0,0.06804457763634827
40,poisson,2026-03-09,0,0.06837701633343958
40,poisson,2026-03-16,0,0.0687110791935599
40,poisson,2026-03-23,0,0.06904677415172278
40,poisson,2026-03-30,0,0.06938410918170895
40,poisson,2026-04-06,0,0.06944826859894745
40,poisson,2026-04-13,0,0.06978756517084576
40,poisson,2026-04-20,0,0.07012851941061718
40,poisson,2026-04-27,0,0.07047113941696655
40,poisson,2026-05-04,0,0.0705363040099901
40,poisson,2026-05-11,0,0.07088091628942894
40,poisson,2026-05-18,0,0.07122721220717017
40,poisson,2026-05-25,0,0.0715751999887998
40,poisson,2026-06-01,0,0.07164138550554376
40,poisson,2026-06-08,0,0.07199139677290085
40,poisson,2026-06-15,0,0.07234311805586437
41,poisson,2026-01-05,0,0.10908938250624546
41,poisson,2026-01-12,0,0.10745783947981702
41,poisson,2026-01-19,0,0.1058506978441191
41,poisson,2026-01-26,0,0.10426759265145501
41,poisson,2026-02-02,0,0.10137936247358989
41,poisson,2026-02-09,0,0.09986313066378862
41,poisson,2026-02-16,0,0.09836957564781362
41,poisson,2026-02-23,0,0.09689835827107462
41,poisson,2026-03-02,0,0.09421425714792284
41,poisson,2026-03-09,0,0.09280518679929353
41,poisson,2026-03-16,0,0.09141719053549482
41,poisson,2026-03-23,0,0.0900499531720848
41,poisson,2026-03-30,0,0.0887031642385265
41,poisson,2026-04-06,0,0.08624607139394296
41,poisson,2026-04-13,0,0.08495617339372666
41,poisson,2026-04-20,0,0.08368556713427107
41,poisson,2026-04-27,0,0.08243396408790853
41,poisson,2026-05-04,0,0.080150529161434
41,poisson,2026-05-11,0,0.07895179621498619
41,poisson,2026-05-18,0,0.07777099154289828
41,poisson,2026-05-25,0,0.07660784700953384
41,poisson,2026-06-01,0,0.07448579652416545
41,poisson,2026-06-08,0,0.07337178543440598
41,poisson,2026-06-15,0,0.07227443551719243
42,poisson,2026-01-05,0,0.13636665408487675
42,poisson,2026-01-12,0,0.11951879869393067
42,poisson,2026-01-19,0,0.12246346021922587
42,poisson,2026-01-26,0,0.12708162005458276
42,poisson,2026-02-02,0,0.12493929854987966
42,poisson,2026-02-09,0,0.1296508235173093
42,poisson,2026-02-16,0,0.1345400225054543
42,poisson,2026-02-23,0,0.13961359569267634
42,poisson,2026-03-02,0,0.13726001215893735
42,poisson,2026-03-09,0,0.14243615754971964
42,poisson,2026-03-16,0,0.14780749803545423
42,poisson,2026-03-23,0,0.15338139452319002
42,poisson,2026-03-30,0,0.15916548550355264
42,poisson,2026-04-06,0,0.1564822993570878
42,poisson,2026-04-13,0,0.1623833270476457
42,poisson,2026-04-20,0,0.16850688551611134
42,poisson,2026-04-27,0,0.17486136651214493
42,poisson,2026-05-04,0,0.17191358172894938
42,poisson,2026-05-11,0,0.1783965309847661
42,poisson,2026-05-18,0,0.18512395557889413
42,poisson,2026-05-25,0,0.19210507480161076
42,poisson,2026-06-01,0,0.18886659835841374
42,poisson,2026-06-08,0,0.19598885455808268
42,poisson,2026-06-15,0,0.20337969468849768
43,poisson,2026-01-05,0,0.12639495623315586
43,poisson,2026-01-12,0,0.12567467756418235
43,poisson,2026-01-19,0,0.12495850350014275
43,poisson,2026-01-26,0,0.12424641065039341
43,poisson,2026-02-02,0,0.1190022324414515
43,poisson,2026-02-09,1,0.11832408220395557
43,poisson,2026-02-16,0,0.1190361804553289
43,poisson,2026-02-23,0,0.11710280970984119
43,poisson,2026-03-02,0,0.11739455404674723
43,poisson,2026-03-09,0,0.11147345582362278
43,poisson,2026-03-16,0,0.1107685689892727
43,poisson,2026-03-23,1,0.1101373393910875
43,poisson,2026-03-30,0,0.11080016816888534
43,poisson,2026-04-06,0,0.10499822890366727
43,poisson,2026-04-13,0,0.10927212449808237
43,poisson,2026-04-20,0,0.10376070203512047
43,poisson,2026-04-27,0,0.10310458572252319
43,poisson,2026-05-04,0,0.09875275922823946
43,poisson,2026-05-11,0,0.0981900033391265
43,poisson,2026-05-18,0,0.09763045439018628
43,poisson,2026-05-25,1,0.09707409410623849
43,poisson,2026-06-01,0,0.09407243955943287
43,poisson,2026-06-08,0,0.09254452676934531
43,poisson,2026-06-15,0,0.09631150121621543
45,poisson,2026-01-05,0,0.1108676504912206
45,poisson,2026-01-12,0,0.10999723886095059
45,poisson,2026-01-19,0,0.1091336607515747
45,poisson,2026-01-26,0,0.10827686251375476
45,poisson,2026-02-02,0,0.10228299886638084
45,poisson,2026-02-09,0,0.10147998453895773
45,poisson,2026-02-16,0,0.10068327460246165
45,poisson,2026-02-23,0,0.0998928195617048
45,poisson,2026-03-02,0,0.09436306993741625
45,poisson,2026-03-09,0,0.09362223423667218
45,poisson,2026-03-16,0,0.09288721476823025
45,poisson,2026-03-23,0,0.09215796586939068
45,poisson,2026-03-30,0,0.09143444223594724
45,poisson,2026-04-06,0,0.08637292154987887
45,poisson,2026-04-13,0,0.08569481576226351
45,poisson,2026-04-20,0,0.08502203372022657
45,poisson,2026-04-27,0,0.08435453362753587
45,poisson,2026-05-04,0,0.07968493422408955
45,poisson,2026-05-11,0,0.07905933520400896
45,poisson,2026-05-18,0,0.07843864770374993
45,poisson,2026-05-25,0,0.07782283316342645
45,poisson,2026-06-01,0,0.07351480797868629
45,poisson,2026-06-08,0,0.07293765004688017
45,poisson,2026-06-15,0,0.07236502332840924
46,poisson,2026-01-05,0,0.10455314557361423
46,poisson,2026-01-12,0,0.10516452487685281
46,poisson,2026-01-19,0,0.10577947924854464
46,poisson,2026-01-26,0,0.10639802959406615
46,poisson,2026-02-02,0,0.10231133370900934
46,poisson,2026-02-09,0,0.10290960391478127
46,poisson,2026-02-16,0,0.10351137253295907
46,poisson,2026-02-23,0,0.10411666002066944
46,poisson,2026-03-02,0,0.10011759041669575
46,poisson,2026-03-09,0,0.10070303260817709
46,poisson,2026-03-16,0,0.10129189819966378
46,poisson,2026-03-23,0,0.10188420720964401
46,poisson,2026-03-30,0,0.10247997977366496
46,poisson,2026-04-06,0,0.09854377425144265
46,poisson,2026-04-13,1,0.09912001348087766
46,poisson,2026-04-20,1,0.14201546939112702
46,poisson,2026-04-27,0,0.11544850963613126
46,poisson,2026-05-04,0,0.07919130900768744
46,poisson,2026-05-11,0,0.09938673507492991
46,poisson,2026-05-18,0,0.09838285331258209
46,poisson,2026-05-25,0,0.09813237645410787
46,poisson,2026-06-01,0,0.09436316023294385
46,poisson,2026-06-08,0,0.094914953130595
46,poisson,2026-06-15,0,0.09546997266246599
47,poisson,2026-01-05,0,0.0626170748569748
47,poisson,2026-01-12,0,0.06360090481148678
47,poisson,2026-01-19,0,0.0646001925525786
47,poisson,2026-01-26,0,0.06561518095064155
47,poisson,2026-02-02,0,0.06298440074222532
47,poisson,2026-02-09,0,0.06397400206516676
47,poisson,2026-02-16,0,0.0649791518535509
47,poisson,2026-02-23,0,0.06600009440250143
47,poisson,2026-03-02,0,0.06335388144397407
47,poisson,2026-03-09,0,0.06434928799149406
47,poisson,2026-03-16,0,0.06536033421526213
47,poisson,2026-03-23,0,0.06638726584349239
47,poisson,2026-03-30,0,0.06743033246524312
47,poisson,2026-04-06,0,0.06472677542971604
47,poisson,2026-04-13,0,0.06574375267868811
47,poisson,2026-04-20,0,0.06677670851948804
47,poisson,2026-04-27,0,0.06782589400531992
47,poisson,2026-05-04,0,0.06510647729439813
47,poisson,2026-05-11,0,0.0661294203613058
47,poisson,2026-05-18,0,0.06716843575406523
47,poisson,2026-05-25,0,0.06822377599861518
47,poisson,2026-06-01,0,0.06548840657586537
47,poisson,2026-06-08,0,0.06651735045754238
47,poisson,2026-06-15,0,0.06756246094895987
48,poisson,2026-01-05,0,0.14080031645655902
48,poisson,2026-01-12,0,0.14383593429833558
48,poisson,2026-01-19,0,0.1469369992634796
48,poisson,2026-01-26,0,0.15010492237478132
48,poisson,2026-02-02,0,0.13550089480535027
48,poisson,2026-02-09,0,0.13842225850821324
48,poisson,2026-02-16,0,0.1414066060452174
48,poisson,2026-02-23,0,0.14445529533128423
48,poisson,2026-03-02,0,0.13040093200866734
48,poisson,2026-03-09,0,0.13321234185313272
48,poisson,2026-03-16,0,0.1360843649554314
48,poisson,2026-03-23,0,0.13901830812148244
48,poisson,2026-03-30,0,0.142015506331597
48,poisson,2026-04-06,0,0.12819851527666676
48,poisson,2026-04-13,0,0.13096244159485212
48,poisson,2026-04-20,0,0.1337859574385158
48,poisson,2026-04-27,0,0.136670347542176
48,poisson,2026-05-04,0,0.1233733983692087
48,poisson,2026-05-11,0,0.12603329643418026
48,poisson,2026-05-18,0,0.12875054120281365
48,poisson,2026-05-25,0,0.13152636905497783
48,poisson,2026-06-01,0,0.11872988850392584
48,poisson,2026-06-08,0,0.1212896737158139
48,poisson,2026-06-15,0,0.12390464722454587
49,poisson,2026-01-05,0,0.33920497014468415
49,poisson,2026-01-12,0,0.33351980203050535
49,poisson,2026-01-19,0,0.3279299188895175
49,poisson,2026-01-26,0,0.3224337237194977
49,poisson,2026-02-02,0,0.3244955490043434
49,poisson,2026-02-09,0,0.3190569148133245
49,poisson,2026-02-16,0,0.3137094336194868
49,poisson,2026-02-23,0,0.30845157767365594
49,poisson,2026-03-02,0,0.31042399313523267
49,poisson,2026-03-09,0,0.30522120207089265
49,poisson,2026-03-16,0,0.30010561120839846
49,poisson,2026-03-23,0,0.2950757590485071
49,poisson,2026-03-30,0,0.29013020858710276
49,poisson,2026-04-06,0,0.29198546675632225
49,poisson,2026-04-13,0,0.2870917104393125
49,poisson,2026-04-20,0,0.28227997481722406
49,poisson,2026-04-27,0,0.27754888520076715
49,poisson,2026-05-04,0,0.27932369120643646
49,poisson,2026-05-11,0,0.27464214971220596
49,poisson,2026-05-18,0,0.2700390721344
49,poisson,2026-05-25,1,0.2655131433963096
49,poisson,2026-06-01,2,0.29112887760757905
49,poisson,2026-06-08,0,0.26178091250780877
49,poisson,2026-06-15,0,0.20908755391765352
50,poisson,2026-01-05,0,0.3975169413960861
50,poisson,2026-01-12,1,0.4103119350792927
50,poisson,2026-01-19,0,0.5090087342619188
50,poisson,2026-01-26,0,0.4188612489443315
50,poisson,2026-02-02,0,0.36993488031986166
50,poisson,2026-02-09,0,0.4051057322783829
50,poisson,2026-02-16,0,0.4181449885861236
50,poisson,2026-02-23,0,0.43430593798054584
50,poisson,2026-03-02,0,0.38030587057615545
50,poisson,2026-03-09,0,0.39500437013145284
50,poisson,2026-03-16,0,0.41027095423629917
50,poisson,2026-03-23,1,0.4261275788770332
50,poisson,2026-03-30,0,0.5286286871386724
50,poisson,2026-04-06,0,0.3667448865180157
50,poisson,2026-04-13,0,0.3841941737873257
50,poisson,2026-04-20,0,0.42072070082883356
50,poisson,2026-04-27,0,0.4342625606816327
50,poisson,2026-05-04,0,0.3802678866574849
50,poisson,2026-05-11,0,0.39496491816652035
50,poisson,2026-05-18,1,0.410229977486361
50,poisson,2026-05-25,0,0.5089070625164133
50,poisson,2026-06-01,0,0.3530626835653334
50,poisson,2026-06-08,0,0.36986098782554117
50,poisson,2026-06-15,0,0.405024814596342
54,poisson,2026-01-05,0,0.07296626097143444
54,poisson,2026-01-12,0,0.07438663245353783
54,poisson,2026-01-19,0,0.07583465308636254
54,poisson,2026-01-26,0,0.07731086109215912
54,poisson,2026-02-02,0,0.07383826900302923
54,poisson,2026-02-09,0,0.0752756151159243
54,poisson,2026-02-16,0,0.07674094081008737
54,poisson,2026-02-23,0,0.07823479073997623
54,poisson,2026-03-02,0,0.07472069826214808
54,poisson,2026-03-09,0,0.07617522186691326
54,poisson,2026-03-16,0,0.07765805943241519
54,poisson,2026-03-23,0,0.07916976212218949
54,poisson,2026-03-30,0,0.08071089182879855
54,poisson,2026-04-06,0,0.0770855796732762
54,poisson,2026-04-13,0,0.07858613839167063
54,poisson,2026-04-20,0,0.08011590719678807
54,poisson,2026-04-27,0,0.08167545469627838
54,poisson,2026-05-04,0,0.07800681701914418
54,poisson,2026-05-11,0,0.07952530867307485
54,poisson,2026-05-18,0,0.08107335949876981
54,poisson,2026-05-25,0,0.08265154489921743
54,poisson,2026-06-01,0,0.0789390639241414
54,poisson,2026-06-08,0,0.08047570282723224
54,poisson,2026-06-15,0,0.08204225415898782
55,poisson,2026-01-05,0,0.07536067193151873
55,poisson,2026-01-12,0,0.07726548768189236
55,poisson,2026-01-19,1,0.07921844954017447
55,poisson,2026-01-26,0,0.07745625372733693
55,poisson,2026-02-02,0,0.07984029121656953
55,poisson,2026-02-09,0,0.0789821873063192
55,poisson,2026-02-16,0,0.07850562359297046
55,poisson,2026-02-23,0,0.08056526441158048
55,poisson,2026-03-02,0,0.07414915107095908
55,poisson,2026-03-09,0,0.07602334442960036
55,poisson,2026-03-16,0,0.07794490988481781
55,poisson,2026-03-23,0,0.07991504481335147
55,poisson,2026-03-30,0,0.08193497685682652
55,poisson,2026-04-06,0,0.07540978139059003
55,poisson,2026-04-13,0,0.07731583843126447
55,poisson,2026-04-20,0,0.07927007295469127
55,poisson,2026-04-27,0,0.0812737026945451
55,poisson,2026-05-04,0,0.074801170246365
55,poisson,2026-05-11,0,0.07669184403655
55,poisson,2026-05-18,0,0.07863030648256915
55,poisson,2026-05-25,0,0.08061776549011099
55,poisson,2026-06-01,0,0.07419747103157462
55,poisson,2026-06-08,0,0.07607288572515995
55,poisson,2026-06-15,0,0.0779957033857739
56,poisson,2026-01-05,0,0.14966992461138984
56,poisson,2026-01-12,0,0.14795768966877168
56,poisson,2026-01-19,0,0.14626504281979585
56,poisson,2026-01-26,0,0.14459175997523074
56,poisson,2026-02-02,0,0.1379323411514587
56,poisson,2026-02-09,0,0.1363543850266737
56,poisson,2026-02-16,0,0.1347944808359816
56,poisson,2026-02-23,0,0.13325242206392907
56,poisson,2026-03-02,0,0.1271152556862755
56,poisson,2026-03-09,1,0.12566104781458048
56,poisson,2026-03-16,0,0.11337950389570851
56,poisson,2026-03-23,0,0.12591612476039568
56,poisson,2026-03-30,0,0.1313617034670905
56,poisson,2026-04-06,0,0.11552368541464515
56,poisson,2026-04-13,0,0.11448148277653797
56,poisson,2026-04-20,0,0.11317180619587772
56,poisson,2026-04-27,0,0.11187711241159927
56,poisson,2026-05-04,0,0.10672442218588593
56,poisson,2026-05-11,0,0.10550348694875081
56,poisson,2026-05-18,0,0.10429651930050253
56,poisson,2026-05-25,0,0.10310335945089716
56,poisson,2026-06-01,0,0.09835475930356473
56,poisson,2026-06-08,0,0.09722957362521539
56,poisson,2026-06-15,0,0.09611726015376004
57,poisson,2026-01-05,0,0.0956034381283817
57,poisson,2026-01-12,0,0.09515311111937659
57,poisson,2026-01-19,0,0.09470490531457722
57,poisson,2026-01-26,0,0.09425881072233928
57,poisson,2026-02-02,0,0.09449092726979984
57,poisson,2026-02-09,0,0.09404584059207612
57,poisson,2026-02-16,0,0.09360285043468942
57,poisson,2026-02-23,0,0.09316194692226552
57,poisson,2026-03-02,0,0.09339136239344094
57,poisson,2026-03-09,0,0.09295145506670785
57,poisson,2026-03-16,0,0.09251361986368249
57,poisson,2026-03-23,0,0.0920778470239076
57,poisson,2026-03-30,0,0.09164412683290125
57,poisson,2026-04-06,1,0.09186980460405575
57,poisson,2026-04-13,0,0.10657568194070646
57,poisson,2026-04-20,0,0.10607964806421485
57,poisson,2026-04-27,0,0.09245807385568305
57,poisson,2026-05-04,0,0.09217878175435985
57,poisson,2026-05-11,0,0.09037303645310292
57,poisson,2026-05-18,0,0.0899473465407173
57,poisson,2026-05-25,0,0.08952366178284037
57,poisson,2026-06-01,0,0.08974411781373885
57,poisson,2026-06-08,0,0.08932139033717476
57,poisson,2026-06-15,0,0.08890065406096781
58,poisson,2026-01-05,0,0.07856033895884039
58,poisson,2026-01-12,0,0.0799883553719203
58,poisson,2026-01-19,0,0.08144232929616999
58,poisson,2026-01-26,0,0.08292273256957394
58,poisson,2026-02-02,0,0.07836089999928743
58,poisson,2026-02-09,0,0.07978529114659808
58,poisson,2026-02-16,0,0.08123557390746287
58,poisson,2026-02-23,0,0.08271221892202428
58,poisson,2026-03-02,0,0.07816196734990466
58,poisson,2026-03-09,0,0.07958274243480797
58,poisson,2026-03-16,0,0.0810293434029423
58,poisson,2026-03-23,0,0.08250223969964889
58,poisson,2026-03-30,0,0.0840019093035272
58,poisson,2026-04-06,0,0.07938070792783007
58,poisson,2026-04-13,0,0.08082363645009923
58,poisson,2026-04-20,0,0.08229279354571735
58,poisson,2026-04-27,0,0.08378865597985288
58,poisson,2026-05-04,0,0.07917918632026677
58,poisson,2026-05-11,0,0.08061845171980753
58,poisson,2026-05-18,0,0.0820838791069436
58,poisson,2026-05-25,0,0.0835759440364928
58,poisson,2026-06-01,0,0.07897817631003455
58,poisson,2026-06-08,0,0.0804137878863153
58,poisson,2026-06-15,0,0.08187549503347702
59,poisson,2026-01-05,0,0.07221735643880767
59,poisson,2026-01-12,0,0.07128178231427838
59,poisson,2026-01-19,0,0.07035832853014443
59,poisson,2026-01-26,0,0.06944683806768599
59,poisson,2026-02-02,0,0.06845946951566424
59,poisson,2026-02-09,0,0.06757257872629939
59,poisson,2026-02-16,0,0.06669717758588778
59,poisson,2026-02-23,0,0.06583311724630216
59,poisson,2026-03-02,0,0.06489712719320274
59,poisson,2026-03-09,0,0.06405638646337981
59,poisson,2026-03-16,0,0.0632265375095931
59,poisson,2026-03-23,0,0.06240743922914471
59,poisson,2026-03-30,0,0.061598952347318804
59,poisson,2026-04-06,0,0.06072316202946516
59,poisson,2026-04-13,0,0.05993649491845695
59,poisson,2026-04-20,0,0.05916001906104719
59,poisson,2026-04-27,0,0.05839360242978936
59,poisson,2026-05-04,0,0.057563384549714824
59,poisson,2026-05-11,0,0.05681765228034444
59,poisson,2026-05-18,0,0.05608158095467864
59,poisson,2026-05-25,0,0.055355045415422896
59,poisson,2026-06-01,0,0.054568028575496315
59,poisson,2026-06-08,0,0.05386110107109413
59,poisson,2026-06-15,0,0.05316333179559494
61,poisson,2026-01-05,0,0.07682481265933182
61,poisson,2026-01-12,0,0.07658461323844336
61,poisson,2026-01-19,0,0.07634516482181769
61,poisson,2026-01-26,0,0.076106465061375
61,poisson,2026-02-02,0,0.07523628048814379
61,poisson,2026-02-09,0,0.07500104775047096
61,poisson,2026-02-16,0,0.07476655048829636
61,poisson,2026-02-23,0,0.07453278640209218
61,poisson,2026-03-02,0,0.07368059492434141
61,poisson,2026-03-09,0,0.0734502261721256
61,poisson,2026-03-16,0,0.07322057768773678
61,poisson,2026-03-23,0,0.0729916472191953
61,poisson,2026-03-30,0,0.0727634325215625
61,poisson,2026-04-06,0,0.07193147144671092
61,poisson,2026-04-13,0,0.07170657148031893
61,poisson,2026-04-20,0,0.07148237468312206
61,poisson,2026-04-27,0,0.07125887885660107
61,poisson,2026-05-04,0,0.0704441205172568
61,poisson,2026-05-11,0,0.07022387088217766
61,poisson,2026-05-18,0,0.07000430987663063
61,poisson,2026-05-25,0,0.06978543534755594
61,poisson,2026-06-01,0,0.06898752403704246
61,poisson,2026-06-08,0,0.06877182857683084
61,poisson,2026-06-15,0,0.06855680750712975
62,poisson,2026-01-05,0,0.15188337066357546
62,poisson,2026-01-12,0,0.1528655824702208
62,poisson,2026-01-19,0,0.15857014192897398
62,poisson,2026-01-26,0,0.16229792079198227
62,poisson,2026-02-02,0,0.16165557485507318
62,poisson,2026-02-09,0,0.1654558882539356
62,poisson,2026-02-16,0,0.1693455421035837
62,poisson,2026-02-23,1,0.173326636682418
62,poisson,2026-03-02,0,0.14333458934872872
62,poisson,2026-03-09,0,0.172689001264243
62,poisson,2026-03-16,0,0.18146714913395676
62,poisson,2026-03-23,0,0.18264067573939702
62,poisson,2026-03-30,0,0.1894563668682043
62,poisson,2026-04-06,0,0.1887065326935858
62,poisson,2026-04-13,0,0.19314277911002545
62,poisson,2026-04-20,0,0.1976833159396609
62,poisson,2026-04-27,0,0.20233059491516525
62,poisson,2026-05-04,0,0.20152980686488126
62,poisson,2026-05-11,0,0.2062675118650669
62,poisson,2026-05-18,0,0.21111659417969533
62,poisson,2026-05-25,0,0.2160796721453181
62,poisson,2026-06-01,0,0.21522446772388196
62,poisson,2026-06-08,0,0.22028411648135524
62,poisson,2026-06-15,0,0.22546271103444246
63,poisson,2026-01-05,0,0.36137228740389943
63,poisson,2026-01-12,0,0.35812777565079024
63,poisson,2026-01-19,0,0.35491239412399606
63,poisson,2026-01-26,0,0.35172588128336857
63,poisson,2026-02-02,0,0.3609661730948048
63,poisson,2026-02-09,0,0.3577253075611066
63,poisson,2026-02-16,0,0.354513539516842
63,poisson,2026-02-23,0,0.3513306077157845
63,poisson,2026-03-02,0,0.3605605151816147
63,poisson,2026-03-09,0,0.35732329176966454
63,poisson,2026-03-16,0,0.3541151331470566
63,poisson,2026-03-23,0,0.35093577836115597
63,poisson,2026-03-30,0,0.34778496880224063
63,poisson,2026-04-06,0,0.3569217277681662
63,poisson,2026-04-13,0,0.3537171745109056
63,poisson,2026-04-20,0,0.35054139272027124
63,poisson,2026-04-27,0,0.3473941240771696
63,poisson,2026-05-04,0,0.35652061504888494
63,poisson,2026-05-11,0,0.35331966310522084
63,poisson,2026-05-18,0,0.35014745029447975
63,poisson,2026-05-25,0,0.3470037185878701
63,poisson,2026-06-01,0,0.35611995310466454
63,poisson,2026-06-08,0,0.35292259842739954
63,poisson,2026-06-15,0,0.3497539505856913
65,poisson,2026-01-05,0,0.17548001487590212
65,poisson,2026-01-12,0,0.174472852465076
65,poisson,2026-01-19,0,0.1734714706334372
65,poisson,2026-01-26,0,0.17247583620352058
65,poisson,2026-02-02,0,0.16222192078777461
65,poisson,2026-02-09,0,0.16129085282003483
65,poisson,2026-02-16,1,0.16036512868965275
65,poisson,2026-02-23,0,0.19062159885182173
65,poisson,2026-03-02,0,0.13076118773492418
65,poisson,2026-03-09,0,0.13754388438568727
65,poisson,2026-03-16,0,0.1483966577457513
65,poisson,2026-03-23,0,0.14739814324292438
65,poisson,2026-03-30,0,0.14655215591265874
65,poisson,2026-04-06,0,0.13783943740204724
65,poisson,2026-04-13,0,0.1370483119842671
65,poisson,2026-04-20,0,0.13626172720767396
65,poisson,2026-04-27,0,0.13547965701139053
65,poisson,2026-05-04,0,0.12742521313027882
65,poisson,2026-05-11,0,0.12669385984798576
65,poisson,2026-05-18,1,0.12596670414645705
65,poisson,2026-05-25,0,0.14973314175403624
65,poisson,2026-06-01,0,0.10271282780635664
65,poisson,2026-06-08,0,0.1080406316082374
65,poisson,2026-06-15,0,0.11656547801459922
66,poisson,2026-01-05,0,0.6108823757886833
66,poisson,2026-01-12,0,0.46949570953317116
66,poisson,2026-01-19,0,0.5910801845974827
66,poisson,2026-01-26,0,0.5131474500388032
66,poisson,2026-02-02,0,0.5194095371666874
66,poisson,2026-02-09,0,0.5121891196931525
66,poisson,2026-02-16,0,0.5050690747094578
66,poisson,2026-02-23,0,0.4980480069172353
66,poisson,2026-03-02,0,0.5036911709320763
66,poisson,2026-03-09,0,0.49668925766012945
66,poisson,2026-03-16,0,0.48978467940673603
66,poisson,2026-03-23,0,0.48297608309803347
66,poisson,2026-03-30,0,0.47626213446951354
66,poisson,2026-04-06,0,0.48165845229739784
66,poisson,2026-04-13,0,0.47496282032226184
66,poisson,2026-04-20,0,0.46836026568716344
66,poisson,2026-04-27,0,0.46184949450509377
66,poisson,2026-05-04,0,0.4670825090166783
66,poisson,2026-05-11,0,0.4605895001896105
66,poisson,2026-05-18,0,0.4541867519970441
66,poisson,2026-05-25,0,0.44787300970756616
66,poisson,2026-06-01,0,0.4529476627861805
66,poisson,2026-06-08,0,0.44665114532749445
66,poisson,2026-06-15,0,0.44044215703688855
67,poisson,2026-01-05,0,0.19174493375548013
67,poisson,2026-01-12,0,0.1434481531363252
67,poisson,2026-01-19,0,0.160476181380061
67,poisson,2026-01-26,1,0.16355966788811896
67,poisson,2026-02-02,0,0.12016368585679862
67,poisson,2026-02-09,0,0.19721984678251658
67,poisson,2026-02-16,0,0.1475440431654819
67,poisson,2026-02-23,0,0.16505827446986943
67,poisson,2026-03-02,0,0.1570129298856576
67,poisson,2026-03-09,0,0.16009370880366947
67,poisson,2026-03-16,0,0.16323493623855556
67,poisson,2026-03-23,0,0.16643779826153024
67,poisson,2026-03-30,0,0.1697035042159242
67,poisson,2026-04-06,0,0.16149613639551186
67,poisson,2026-04-13,0,0.16466488111424288
67,poisson,2026-04-20,0,0.16789580034263463
67,poisson,2026-04-27,0,0.17119011401791598
67,poisson,2026-05-04,0,0.16291084931177494
67,poisson,2026-05-11,1,0.16610735236690946
67,poisson,2026-05-18,0,0.1307535228199322
67,poisson,2026-05-25,0,0.21460052222060166
67,poisson,2026-06-01,0,0.1498422605289937
67,poisson,2026-06-08,1,0.16762930196945128
67,poisson,2026-06-15,0,0.13189892915415702
68,poisson,2026-01-05,0,0.39447329641605694
68,poisson,2026-01-12,0,0.4028482118742311
68,poisson,2026-01-19,0,0.40643136865541235
68,poisson,2026-01-26,0,0.41004639603236664
68,poisson,2026-02-02,0,0.3654302850068701
68,poisson,2026-02-09,1,0.3686806258677106
68,poisson,2026-02-16,0,0.3184735313594136
68,poisson,2026-02-23,0,0.40870921818771905
68,poisson,2026-03-02,0,0.3112013176177093
68,poisson,2026-03-09,0,0.3333351715986915
68,poisson,2026-03-16,0,0.3404120863271111
68,poisson,2026-03-23,0,0.34343990136902036
68,poisson,2026-03-30,0,0.34649464748739917
68,poisson,2026-04-06,0,0.30879344144919796
68,poisson,2026-04-13,0,0.31154002262071484
68,poisson,2026-04-20,0,0.31431103341773253
68,poisson,2026-04-27,0,0.3171066911309718
68,poisson,2026-05-04,0,0.28260311427887697
68,poisson,2026-05-11,0,0.2851167440666329
68,poisson,2026-05-18,0,0.2876527314802984
68,poisson,2026-05-25,0,0.2902112753810735
68,poisson,2026-06-01,0,0.25863412067726554
68,poisson,2026-06-08,0,0.2609345568614999
68,poisson,2026-06-15,0,0.26325545440877435
69,poisson,2026-01-05,0,0.10985306888180066
69,poisson,2026-01-12,0,0.11071298441212928
69,poisson,2026-01-19,0,0.11157963124934646
69,poisson,2026-01-26,1,0.11245306208524684
69,poisson,2026-02-02,0,0.0985833845210071
69,poisson,2026-02-09,0,0.09976992312457297
69,poisson,2026-02-16,0,0.0959088285000479
69,poisson,2026-02-23,0,0.10112968514648596
69,poisson,2026-03-02,0,0.08987328562665274
69,poisson,2026-03-09,0,0.09057680201321058
69,poisson,2026-03-16,0,0.0912858254345086
69,poisson,2026-03-23,0,0.09200039899889813
69,poisson,2026-03-30,1,0.09272056615217725
69,poisson,2026-04-06,0,0.08128464495752286
69,poisson,2026-04-13,0,0.08226297786410608
69,poisson,2026-04-20,0,0.07907940177542915
69,poisson,2026-04-27,0,0.08338413812569527
69,poisson,2026-05-04,0,0.07410293477773451
69,poisson,2026-05-11,0,0.07468300290971235
69,poisson,2026-05-18,0,0.07526761173955523
69,poisson,2026-05-25,0,0.07585679681125519
69,poisson,2026-06-01,0,0.06702620349085746
69,poisson,2026-06-08,0,0.06755087589106842
69,poisson,2026-06-15,0,0.06807965535856361
70,poisson,2026-01-05,0,0.1479049636732916
70,poisson,2026-01-12,0,0.14576503765828666
70,poisson,2026-01-19,0,0.14365607262820043
70,poisson,2026-01-26,0,0.1415776206317578
70,poisson,2026-02-02,0,0.12819182980664462
70,poisson,2026-02-09,0,0.12633711834394973
70,poisson,2026-02-16,0,0.12450924131068011
70,poisson,2026-02-23,0,0.12270781045959794
70,poisson,2026-03-02,0,0.11110611044450834
70,poisson,2026-03-09,0,0.10949859944378626
70,poisson,2026-03-16,0,0.10791434631436489
70,poisson,2026-03-23,0,0.10635301455554398
70,poisson,2026-03-30,0,0.10481427253519957
70,poisson,2026-04-06,0,0.09490435936260966
70,poisson,2026-04-13,0,0.0935312593496444
70,poisson,2026-04-20,0,0.0921780256911676
70,poisson,2026-04-27,0,0.0908443709557928
70,poisson,2026-05-04,0,0.08225527515218344
70,poisson,2026-05-11,0,0.08106518525392714
70,poisson,2026-05-18,0,0.07989231387403714
70,poisson,2026-05-25,0,0.0787364118906822
70,poisson,2026-06-01,0,0.07129209169949934
70,poisson,2026-06-08,0,0.07026061988203638
70,poisson,2026-06-15,0,0.06924407165686623
72,poisson,2026-01-05,0,0.09717294792772478
72,poisson,2026-01-12,0,0.09317986691274723
72,poisson,2026-01-19,0,0.08935087164727311
72,poisson,2026-01-26,0,0.08567921943485086
72,poisson,2026-02-02,0,0.09301341267511207
72,poisson,2026-02-09,0,0.0891912574332282
72,poisson,2026-02-16,0,0.0855261641706106
72,poisson,2026-02-23,0,0.08201167881520563
72,poisson,2026-03-02,0,0.08903192835011552
72,poisson,2026-03-09,0,0.0853733823205548
72,poisson,2026-03-16,0,0.08186517515592108
72,poisson,2026-03-23,0,0.07850112905385102
72,poisson,2026-03-30,0,0.07527532007343003
72,poisson,2026-04-06,0,0.08171893320719399
72,poisson,2026-04-13,0,0.07836089655488859
72,poisson,2026-04-20,0,0.07514085008081567
72,poisson,2026-04-27,0,0.0720531234212299
72,poisson,2026-05-04,0,0.0782209145638361
72,poisson,2026-05-11,0,0.07500662030211062
72,poisson,2026-05-18,0,0.07192440948198864
72,poisson,2026-05-25,0,0.06896885446240013
72,poisson,2026-06-01,0,0.07487263030820274
72,poisson,2026-06-08,0,0.07179592547418363
72,poisson,2026-06-15,0,0.06884565018587054
73,poisson,2026-01-05,0,0.09055218290081023
73,poisson,2026-01-12,0,0.09041419449195663
73,poisson,2026-01-19,0,0.09027641635744832
73,poisson,2026-01-26,0,0.09013884817685774
73,poisson,2026-02-02,1,0.08435700700626454
73,poisson,2026-02-09,0,0.0846283233390667
73,poisson,2026-02-16,0,0.08472007687556998
73,poisson,2026-02-23,0,0.08459453081309115
73,poisson,2026-03-02,0,0.07869859328321709
73,poisson,2026-03-09,0,0.07846592418714306
73,poisson,2026-03-16,1,0.07834635348568715
73,poisson,2026-03-23,0,0.0785983378325782
73,poisson,2026-03-30,1,0.07868355369382746
73,poisson,2026-04-06,0,0.07398918728136512
73,poisson,2026-04-13,0,0.07362992983014778
73,poisson,2026-04-20,0,0.07341533128426482
73,poisson,2026-04-27,0,0.07286852546251656
73,poisson,2026-05-04,0,0.06809662236265575
73,poisson,2026-05-11,0,0.06799285297502626
73,poisson,2026-05-18,0,0.06788924171691095
73,poisson,2026-05-25,0,0.06778578834734329
73,poisson,2026-06-01,0,0.06343775562033524
73,poisson,2026-06-08,0,0.06334108567071203
73,poisson,2026-06-15,0,0.06324456303208786
74,poisson,2026-01-05,0,0.14119009302751523
74,poisson,2026-01-12,1,0.14497280496763043
74,poisson,2026-01-19,0,0.13540663137606768
74,poisson,2026-01-26,1,0.1493989143969316
74,poisson,2026-02-02,1,0.12698188608671776
74,poisson,2026-02-09,0,0.1361930113118815
74,poisson,2026-02-16,0,0.13960417395098923
74,poisson,2026-02-23,1,0.1340247078788007
74,poisson,2026-03-02,0,0.12474989023061207
74,poisson,2026-03-09,0,0.13676645944478857
74,poisson,2026-03-16,0,0.12741861345346447
74,poisson,2026-03-23,0,0.13083236508552415
74,poisson,2026-03-30,0,0.1295377169673674
74,poisson,2026-04-06,0,0.1248285931301193
74,poisson,2026-04-13,0,0.12438362163124538
74,poisson,2026-04-20,0,0.12394023630449631
74,poisson,2026-04-27,0,0.12349843149570777
74,poisson,2026-05-04,0,0.11900885563136167
74,poisson,2026-05-11,0,0.11858462951824383
74,poisson,2026-05-18,0,0.11816191562700307
74,poisson,2026-05-25,0,0.11774070856708246
74,poisson,2026-06-01,0,0.11346044494727969
74,poisson,2026-06-08,0,0.11305599703206151
74,poisson,2026-06-15,0,0.11265299083616857
75,poisson,2026-01-05,0,0.17961766574229437
75,poisson,2026-01-12,0,0.18088815241227393
75,poisson,2026-01-19,0,0.1821676255946431
75,poisson,2026-01-26,0,0.18345614885355171
75,poisson,2026-02-02,0,0.17395021028393207
75,poisson,2026-02-09,0,0.1751806094347759
75,poisson,2026-02-16,0,0.1764197115476221
75,poisson,2026-02-23,0,0.17766757818098805
75,poisson,2026-03-02,0,0.16846157939296286
75,poisson,2026-03-09,0,0.16965315590153152
75,poisson,2026-03-16,0,0.17085316076854778
75,poisson,2026-03-23,0,0.17206165361018036
75,poisson,2026-03-30,0,0.1732786944642799
75,poisson,2026-04-06,0,0.16430010947110948
75,poisson,2026-04-13,0,0.16546225072317716
75,poisson,2026-04-20,0,0.16663261212977853
75,poisson,2026-04-27,0,0.16781125183439702
75,poisson,2026-05-04,0,0.15911596709634138
75,poisson,2026-05-11,0,0.16024143943972904
75,poisson,2026-05-18,0,0.161374872568064
75,poisson,2026-05-25,0,0.16251632279023492
75,poisson,2026-06-01,0,0.15409539936707034
75,poisson,2026-06-08,0,0.15518535981161774
75,poisson,2026-06-15,0,0.15628302985538453
77,poisson,2026-01-05,0,0.056315300454861564
77,poisson,2026-01-12,0,0.05657184592929259
77,poisson,2026-01-19,0,0.05682956010174918
77,poisson,2026-01-26,0,0.05708844829625851
77,poisson,2026-02-02,0,0.0556670808184015
77,poisson,2026-02-09,0,0.05592067331534988
77,poisson,2026-02-16,0,0.056175421057976044
77,poisson,2026-02-23,0,0.056431329309024655
77,poisson,2026-03-02,0,0.05502632254135352
77,poisson,2026-03-09,0,0.05527699605119089
77,poisson,2026-03-16,0,0.055528811509202004
77,poisson,2026-03-23,0,0.05578177411755457
77,poisson,2026-03-30,0,0.05603588910211481
77,poisson,2026-04-06,0,0.054640727861276384
77,poisson,2026-04-13,0,0.05488964478685797
77,poisson,2026-04-20,0,0.05513969565845869
77,poisson,2026-04-27,0,0.05539088564179226
77,poisson,2026-05-04,0,0.05401178346314539
77,poisson,2026-05-11,0,0.054257835219977
77,poisson,2026-05-18,0,0.05450500787049435
77,poisson,2026-05-25,0,0.05475330652095099
77,poisson,2026-06-01,0,0.0533900785559843
77,poisson,2026-06-08,0,0.053633298123711426
77,poisson,2026-06-15,0,0.053877625683030346
78,poisson,2026-01-05,0,0.2039833843443372
78,poisson,2026-01-12,0,0.15571042799253942
78,poisson,2026-01-19,0,0.17522630620835974
78,poisson,2026-01-26,0,0.15976289904914284
78,poisson,2026-02-02,0,0.16272443174832923
78,poisson,2026-02-09,0,0.15555239097251483
78,poisson,2026-02-16,0,0.14869645619465838
78,poisson,2026-02-23,0,0.1421426951177933
78,poisson,2026-03-02,0,0.14472316056633172
78,poisson,2026-03-09,0,0.13834452155291185
78,poisson,2026-03-16,0,0.13224701954274917
78,poisson,2026-03-23,0,0.12641826348903348
78,poisson,2026-03-30,0,0.120846408477407
78,poisson,2026-04-06,0,0.12304026009530053
78,poisson,2026-04-13,0,0.11761728978291919
78,poisson,2026-04-20,0,0.11243333560221867
78,poisson,2026-04-27,0,0.10747786297382386
78,poisson,2026-05-04,0,0.10942902136192725
78,poisson,2026-05-11,0,0.10460596317187605
78,poisson,2026-05-18,0,0.09999548012884808
78,poisson,2026-05-25,0,0.09558820303360262
78,poisson,2026-06-01,0,0.09732351595286086
78,poisson,2026-06-08,0,0.09303400504561686
78,poisson,2026-06-15,0,0.08893355331531706
79,poisson,2026-01-05,0,0.14931285822926105
79,poisson,2026-01-12,0,0.1527852858113709
79,poisson,2026-01-19,0,0.15633846834959103
79,poisson,2026-01-26,0,0.15997428388537285
79,poisson,2026-02-02,0,0.14935928970226303
79,poisson,2026-02-09,1,0.15283279709711942
79,poisson,2026-02-16,0,0.1765435978373967
79,poisson,2026-02-23,0,0.15093499013120948
79,poisson,2026-03-02,0,0.14162314964241712
79,poisson,2026-03-09,0,0.15369925036599216
79,poisson,2026-03-16,0,0.15643571588901378
79,poisson,2026-03-23,0,0.16007379301862074
79,poisson,2026-03-30,0,0.16379647745881368
79,poisson,2026-04-06,0,0.1529278639966336
79,poisson,2026-04-13,0,0.1564843623405317
79,poisson,2026-04-20,0,0.16012357079454048
79,poisson,2026-04-27,0,0.1638474128692743
79,poisson,2026-05-04,0,0.15297541961958944
79,poisson,2026-05-11,0,0.15653302391952373
79,poisson,2026-05-18,0,0.16017336404973964
79,poisson,2026-05-25,0,0.16389836411900124
79,poisson,2026-06-01,0,0.15302299003080705
79,poisson,2026-06-08,0,0.15658170063069407
79,poisson,2026-06-15,0,0.1602231727890319
80,poisson,2026-01-05,0,0.1578625702667739
80,poisson,2026-01-12,0,0.1594732091516066
80,poisson,2026-01-19,1,0.16110028104910942
80,poisson,2026-01-26,0,0.18428068545952433
80,poisson,2026-02-02,0,0.11460258978990816
80,poisson,2026-02-09,0,0.14291367607671732
80,poisson,2026-02-16,0,0.15338675433984242
80,poisson,2026-02-23,1,0.15711290666854735
80,poisson,2026-03-02,0,0.16659736509735965
80,poisson,2026-03-09,0,0.11176607437541894
80,poisson,2026-03-16,0,0.13937643624752957
80,poisson,2026-03-23,0,0.14959029656466438
80,poisson,2026-03-30,0,0.15322422332903893
80,poisson,2026-04-06,2,0.14348573837425818
80,poisson,2026-04-13,0,0.18585198953409376
80,poisson,2026-04-20,0,0.08280229766211095
80,poisson,2026-04-27,0,0.12746546682766524
80,poisson,2026-05-04,0,0.13473637399831395
80,poisson,2026-05-11,0,0.13993433949746079
80,poisson,2026-05-18,0,0.14136206038238694
80,poisson,2026-05-25,0,0.14280434800577466
80,poisson,2026-06-01,0,0.13372811995046854
80,poisson,2026-06-08,0,0.13509252007156006
80,poisson,2026-06-15,0,0.13647084088256417
81,poisson,2026-01-05,3,0.2632647479834567
81,poisson,2026-01-12,0,0.16985382431166726
81,poisson,2026-01-19,1,0.17441885855916647
81,poisson,2026-01-26,1,0.2579736095770306
81,poisson,2026-02-02,1,0.20190286780340885
81,poisson,2026-02-09,0,0.20456642547231574
81,poisson,2026-02-16,0,0.244059530101825
81,poisson,2026-02-23,0,0.28714607997682645
81,poisson,2026-03-02,0,0.26736028137802015
81,poisson,2026-03-09,0,0.2687106703448343
81,poisson,2026-03-16,0,0.27282824607276523
81,poisson,2026-03-23,0,0.27700891728497096
81,poisson,2026-03-30,0,0.28125365082223347
81,poisson,2026-04-06,0,0.269419362643617
81,poisson,2026-04-13,0,0.2735477979857355
81,poisson,2026-04-20,0,0.27773949521893265
81,poisson,2026-04-27,0,0.2819954237339174
81,poisson,2026-05-04,1,0.27012992403369296
81,poisson,2026-05-11,1,0.23579604457004513
81,poisson,2026-05-18,0,0.20660376523609889
81,poisson,2026-05-25,0,0.2510266835254312
81,poisson,2026-06-01,0,0.28149431124046037
81,poisson,2026-06-08,0,0.2778033018093248
81,poisson,2026-06-15,0,0.27920643660471883
82,poisson,2026-01-05,0,0.1892401730099806
82,poisson,2026-01-12,0,0.1871164416278611
82,poisson,2026-01-19,0,0.18501654363646222
82,poisson,2026-01-26,0,0.18294021156762966
82,poisson,2026-02-02,0,0.17567408259495104
82,poisson,2026-02-09,0,0.17370259548258044
82,poisson,2026-02-16,0,0.171753233212855
82,poisson,2026-02-23,0,0.16982574749165244
82,poisson,2026-03-02,0,0.1630805066636144
82,poisson,2026-03-09,0,0.1612503498617856
82,poisson,2026-03-16,0,0.15944073183548432
82,poisson,2026-03-23,0,0.15765142209008864
82,poisson,2026-03-30,0,0.15588219271768242
82,poisson,2026-04-06,0,0.1496907703555633
82,poisson,2026-04-13,0,0.14801087870485657
82,poisson,2026-04-20,0,0.14634983949208852
82,poisson,2026-04-27,0,0.144707441147414
82,poisson,2026-05-04,0,0.13895986426602014
82,poisson,2026-05-11,0,0.1374003992755646
82,poisson,2026-05-18,0,0.13585843524532729
82,poisson,2026-05-25,0,0.1343337757723044
82,poisson,2026-06-01,0,0.12899822634998612
82,poisson,2026-06-08,0,0.1275505549746129
82,poisson,2026-06-15,0,0.12611912996533609
83,poisson,2026-01-05,1,0.084858123682788
83,poisson,2026-01-12,0,0.08777248744822481
83,poisson,2026-01-19,0,0.09180540607997137
83,poisson,2026-01-26,0,0.08887267602090229
83,poisson,2026-02-02,0,0.0920723094500523
83,poisson,2026-02-09,0,0.09386953562063095
83,poisson,2026-02-16,0,0.0953270778145195
83,poisson,2026-02-23,0,0.09680725173054154
83,poisson,2026-03-02,0,0.09832721656324372
83,poisson,2026-03-09,0,0.09985397458970022
83,poisson,2026-03-16,0,0.10140443907458019
83,poisson,2026-03-23,0,0.1029789781156183
83,poisson,2026-03-30,0,0.10457796552612007
83,poisson,2026-04-06,0,0.10621993786841616
83,poisson,2026-04-13,0,0.10786924869382744
83,poisson,2026-04-20,0,0.10954416889402663
83,poisson,2026-04-27,0,0.11124509611393717
83,poisson,2026-05-04,0,0.11299174867230558
83,poisson,2026-05-11,0,0.11474620756210682
83,poisson,2026-05-18,0,0.11652790849420036
83,poisson,2026-05-25,0,0.11833727446445826
83,poisson,2026-06-01,0,0.12019528088823789
83,poisson,2026-06-08,0,0.12206159131837481
83,poisson,2026-06-15,0,0.12395688054531556
84,poisson,2026-01-05,0,0.23939756597199346
84,poisson,2026-01-12,1,0.23641242222689043
84,poisson,2026-01-19,0,0.2606958499625466
84,poisson,2026-01-26,0,0.22288590668096434
84,poisson,2026-02-02,0,0.2543890567507788
84,poisson,2026-02-09,0,0.21452086381520086
84,poisson,2026-02-16,0,0.2099148079259753
84,poisson,2026-02-23,0,0.2072972964515352
84,poisson,2026-03-02,0,0.19353707472711126
84,poisson,2026-03-09,0,0.19112378374095834
84,poisson,2026-03-16,0,0.18874058504276656
84,poisson,2026-03-23,0,0.1863871033997936
84,poisson,2026-03-30,0,0.18406296825822396
84,poisson,2026-04-06,0,0.17184502186990283
84,poisson,2026-04-13,0,0.16970221774372368
84,poisson,2026-04-20,0,0.16758613309695228
84,poisson,2026-04-27,0,0.16549643475374154
84,poisson,2026-05-04,0,0.15451091938140016
84,poisson,2026-05-11,0,0.15258426109367365
84,poisson,2026-05-18,0,0.15068162707667523
84,poisson,2026-05-25,0,0.14880271776218998
84,poisson,2026-06-01,0,0.13892531740697928
84,poisson,2026-06-08,0,0.13719300220732347
84,poisson,2026-06-15,0,0.1354822879369077
85,poisson,2026-01-05,0,0.07161184425971934
85,poisson,2026-01-12,0,0.07251463415883688
85,poisson,2026-01-19,0,0.07342880527024372
85,poisson,2026-01-26,0,0.07435450107360586
85,poisson,2026-02-02,0,0.0737368162352117
85,poisson,2026-02-09,0,0.0746663950441138
85,poisson,2026-02-16,0,0.07560769278537674
85,poisson,2026-02-23,0,0.07656085719620609
85,poisson,2026-03-02,0,0.0759248435047452
85,poisson,2026-03-09,0,0.07688200614336642
85,poisson,2026-03-16,0,0.07785123545574657
85,poisson,2026-03-23,0,0.07883268356296706
85,poisson,2026-03-30,0,0.07982650450385584
85,poisson,2026-04-06,0,0.0791633621140599
85,poisson,2026-04-13,0,0.0801613518242196
85,poisson,2026-04-20,0,0.08117192290327248
85,poisson,2026-04-27,0,0.08219523396091326
85,poisson,2026-05-04,0,0.08151241383472269
85,poisson,2026-05-11,0,0.08254001736348797
85,poisson,2026-05-18,0,0.08358057559402994
85,poisson,2026-05-25,0,0.08463425184254354
85,poisson,2026-06-01,0,0.08393117007322037
85,poisson,2026-06-08,0,0.08498926616537533
85,poisson,2026-06-15,0,0.08606070137027302
86,poisson,2026-01-05,0,0.08145862117030388
86,poisson,2026-01-12,0,0.08789572951235211
86,poisson,2026-01-19,0,0.08970673159009791
86,poisson,2026-01-26,0,0.09200504663873899
86,poisson,2026-02-02,0,0.08731860749078393
86,poisson,2026-02-09,0,0.08955573803901812
86,poisson,2026-02-16,0,0.09185018458476596
86,poisson,2026-02-23,0,0.09420341558214777
86,poisson,2026-03-02,0,0.08940499863890403
86,poisson,2026-03-09,0,0.09169558319318746
86,poisson,2026-03-16,0,0.09404485325365286
86,poisson,2026-03-23,0,0.09645431236166886
86,poisson,2026-03-30,0,0.09892550257981321
86,poisson,2026-04-06,0,0.09388655781582066
86,poisson,2026-04-13,0,0.09629196134427814
86,poisson,2026-04-20,0,0.09875899207762333
86,poisson,2026-04-27,0,0.10128922892448307
86,poisson,2026-05-04,0,0.09612988359463671
86,poisson,2026-05-11,0,0.09859276184438952
86,poisson,2026-05-18,0,0.10111873981970412
86,poisson,2026-05-25,0,0.10370943415565624
86,poisson,2026-06-01,0,0.09842681140836569
86,poisson,2026-06-08,0,0.1009485376806288
86,poisson,2026-06-15,0,0.1035348713835424
87,poisson,2026-01-05,0,0.10379544758056548
87,poisson,2026-01-12,0,0.10197736733840664
87,poisson,2026-01-19,0,0.10019113257544722
87,poisson,2026-01-26,0,0.09843618548652457
87,poisson,2026-02-02,0,0.08619049392833483
87,poisson,2026-02-09,0,0.08468078191566311
87,poisson,2026-02-16,0,0.08319751400671238
87,poisson,2026-02-23,0,0.08174022700677017
87,poisson,2026-03-02,0,0.07157155170841309
87,poisson,2026-03-09,0,0.07031790497250287
87,poisson,2026-03-16,0,0.06908621710294309
87,poisson,2026-03-23,0,0.06787610346840373
87,poisson,2026-03-30,0,0.06668718617475414
87,poisson,2026-04-06,0,0.05839114434071327
87,poisson,2026-04-13,0,0.057368365516425254
87,poisson,2026-04-20,0,0.05636350167796642
87,poisson,2026-04-27,0,0.05537623902658608
87,poisson,2026-05-04,0,0.048487305455861794
87,poisson,2026-05-11,0,0.04763800219546207
87,poisson,2026-05-18,0,0.046803575324281005
87,poisson,2026-05-25,0,0.045983764267602215
87,poisson,2026-06-01,0,0.04026327651076356
87,poisson,2026-06-08,0,0.0395580252765803
87,poisson,2026-06-15,1,0.03886512721745928
88,poisson,2026-01-05,0,0.0661326073785672
88,poisson,2026-01-12,0,0.06650474960260033
88,poisson,2026-01-19,0,0.06687898594994719
88,poisson,2026-01-26,0,0.06725532820468431
88,poisson,2026-02-02,0,0.06441255955886988
88,poisson,2026-02-09,0,0.06477502270859403
88,poisson,2026-02-16,0,0.06513952551542554
88,poisson,2026-02-23,0,0.06550607945694804
88,poisson,2026-03-02,0,0.06273724858865304
88,poisson,2026-03-09,0,0.06309028440781943
88,poisson,2026-03-16,0,0.0634453068345024
88,poisson,2026-03-23,0,0.06380232704776423
88,poisson,2026-03-30,0,0.06416135628957423
88,poisson,2026-04-06,0,0.061449364588666476
88,poisson,2026-04-13,0,0.061795153211101204
88,poisson,2026-04-20,0,0.06214288765953762
88,poisson,2026-04-27,0,0.06249257888355182
88,poisson,2026-05-04,0,0.05985112357304345
88,poisson,2026-05-11,0,0.060187918553919605
88,poisson,2026-05-18,0,0.06052660875166678
88,poisson,2026-05-25,0,0.06086720483107267
88,poisson,2026-06-01,0,0.05829445132482947
88,poisson,2026-06-08,0,0.058622486580427825
88,poisson,2026-06-15,0,0.058952367760063025
89,poisson,2026-01-05,0,0.08832198457527009
89,poisson,2026-01-12,0,0.1368425251073865
89,poisson,2026-01-19,0,0.10135801557398141
89,poisson,2026-01-26,0,0.10597351427116569
89,poisson,2026-02-02,0,0.11719755547812297
89,poisson,2026-02-09,0,0.11511371808311249
89,poisson,2026-02-16,0,0.11306693247020728
89,poisson,2026-02-23,0,0.11105653983821659
89,poisson,2026-03-02,0,0.12188547276758037
89,poisson,2026-03-09,0,0.11971828160881064
89,poisson,2026-03-16,0,0.11758962430819483
89,poisson,2026-03-23,0,0.11549881571240984
89,poisson,2026-03-30,0,0.11344518285053783
89,poisson,2026-04-06,0,0.12450702826763356
89,poisson,2026-04-13,0,0.12229322440127091
89,poisson,2026-04-20,0,0.12011878319279926
89,poisson,2026-04-27,0,0.11798300475237743
89,poisson,2026-05-04,0,0.12948732540859015
89,poisson,2026-05-11,0,0.12718496910290186
89,poisson,2026-05-18,0,0.1249235499664818
89,poisson,2026-05-25,0,0.12270234011380526
89,poisson,2026-06-01,0,0.1346668350755972
89,poisson,2026-06-08,0,0.13227238422162332
89,poisson,2026-06-15,0,0.12992050802895255
90,poisson,2026-01-05,0,0.21743889574773434
90,poisson,2026-01-12,0,0.22025112408221562
90,poisson,2026-01-19,0,0.22309972414392656
90,poisson,2026-01-26,0,0.22598516634365332
90,poisson,2026-02-02,0,0.22005108062192522
90,poisson,2026-02-09,0,0.2228970934377562
90,poisson,2026-02-16,0,0.2257799149296682
90,poisson,2026-02-23,0,0.22870002115968982
90,poisson,2026-03-02,0,0.22269464677127146
90,poisson,2026-03-09,0,0.225574849935631
90,poisson,2026-03-16,0,0.22849230397417303
90,poisson,2026-03-23,1,0.23144749066805945
90,poisson,2026-03-30,1,0.25054961474323595
90,poisson,2026-04-06,0,0.2122408329116655
90,poisson,2026-04-13,0,0.21787296487382557
90,poisson,2026-04-20,0,0.253009186455751
90,poisson,2026-04-27,0,0.23662646973500537
90,poisson,2026-05-04,0,0.23102725643519711
90,poisson,2026-05-11,0,0.23401522873127745
90,poisson,2026-05-18,0,0.23704184572487058
90,poisson,2026-05-25,0,0.24010760722403948
90,poisson,2026-06-01,1,0.2338026839993896
90,poisson,2026-06-08,0,0.2530991899410803
90,poisson,2026-06-15,0,0.2086906161526335
91,poisson,2026-01-05,0,0.24638972061466188
91,poisson,2026-01-12,0,0.24776396865396325
91,poisson,2026-01-19,0,0.2491458816139797
91,poisson,2026-01-26,1,0.2505355022460981
91,poisson,2026-02-02,0,0.2483957669205838
91,poisson,2026-02-09,0,0.30034534763386
91,poisson,2026-02-16,0,0.2696376993410926
91,poisson,2026-02-23,0,0.24761048695223442
91,poisson,2026-03-02,3,0.23030955024846067
91,poisson,2026-03-09,0,0.2625779684669377
91,poisson,2026-03-16,0,0.45904716776952476
91,poisson,2026-03-23,0,0.3284772499615579
91,poisson,2026-03-30,0,0.2515587526029223
91,poisson,2026-04-06,0,0.2239093308593849
91,poisson,2026-04-13,2,0.22515819366968054
91,poisson,2026-04-20,0,0.24618249467379946
91,poisson,2026-04-27,0,0.35792747914292505
91,poisson,2026-05-04,0,0.27125722308988226
91,poisson,2026-05-11,0,0.22747967043095224
91,poisson,2026-05-18,0,0.21890112862318412
91,poisson,2026-05-25,0,0.22012205799499723
91,poisson,2026-06-01,0,0.2092963016395824
91,poisson,2026-06-08,0,0.21046365972353043
91,poisson,2026-06-15,0,0.21163752879159756
93,poisson,2026-01-05,0,0.2747460946477638
93,poisson,2026-01-12,0,0.27509895722346905
93,poisson,2026-01-19,0,0.2754522729884999
93,poisson,2026-01-26,0,0.27580604252489754
93,poisson,2026-02-02,0,0.2629173858368857
93,poisson,2026-02-09,0,0.2632550565363838
93,poisson,2026-02-16,0,0.26359316091394
93,poisson,2026-02-23,0,0.2639316995265366
93,poisson,2026-03-02,0,0.25159794123342755
93,poisson,2026-03-09,0,0.25192107411617004
93,poisson,2026-03-16,0,0.25224462200572617
93,poisson,2026-03-23,0,0.2525685854350985
93,poisson,2026-03-30,0,0.25289296493797414
93,poisson,2026-04-06,0,0.2410750563306791
93,poisson,2026-04-13,0,0.24138467443616737
93,poisson,2026-04-20,0,0.2416946901911375
93,poisson,2026-04-27,0,0.24200510410629972
93,poisson,2026-05-04,0,0.23069599472269692
93,poisson,2026-05-11,0,0.23099228276641637
93,poisson,2026-05-18,0,0.23128895133952018
93,poisson,2026-05-25,0,0.2315860009307308
93,poisson,2026-06-01,0,0.22076378531710314
93,poisson,2026-06-08,0,0.22104731720136642
93,poisson,2026-06-15,0,0.22133121323199212
94,poisson,2026-01-05,0,0.16079469528320123
94,poisson,2026-01-12,0,0.16071829163968693
94,poisson,2026-01-19,0,0.16064192430033514
94,poisson,2026-01-26,0,0.1605655932478954
94,poisson,2026-02-02,0,0.15128549525769172
94,poisson,2026-02-09,0,0.15121361003145217
94,poisson,2026-02-16,0,0.15114175896239168
94,poisson,2026-02-23,0,0.15106994203428004
94,poisson,2026-03-02,0,0.14233865759722095
94,poisson,2026-03-09,0,0.14227102357462953
94,poisson,2026-03-16,0,0.14220342168920377
94,poisson,2026-03-23,0,0.1421358519256732
94,poisson,2026-03-30,0,0.14206831426877475
94,poisson,2026-04-06,0,0.1338572906550058
94,poisson,2026-04-13,0,0.1337936866617337
94,poisson,2026-04-20,0,0.13373011289070744
94,poisson,2026-04-27,0,0.13366656932756668
94,poisson,2026-05-04,0,0.1259411355264467
94,poisson,2026-05-11,0,0.1258812929949154
94,poisson,2026-05-18,0,0.1258214788983237
94,poisson,2026-05-25,0,0.12576169322316036
94,poisson,2026-06-01,0,0.1184931320518824
94,poisson,2026-06-08,0,0.11843682853388239
94,poisson,2026-06-15,0,0.11838055176921469
97,poisson,2026-01-05,0,0.07637029915013155
97,poisson,2026-01-12,0,0.07819873522228031
97,poisson,2026-01-19,0,0.08007094719300667
97,poisson,2026-01-26,0,0.08198798313247585
97,poisson,2026-02-02,0,0.07807037769431328
97,poisson,2026-02-09,0,0.0799395165654593
97,poisson,2026-02-16,0,0.0818534058300684
97,poisson,2026-02-23,0,0.08381311688938632
97,poisson,2026-03-02,0,0.07980830167171384
97,poisson,2026-03-09,0,0.08171904942650039
97,poisson,2026-03-16,0,0.08367554376285741
97,poisson,2026-03-23,0,0.08567887993248416
97,poisson,2026-03-30,0,0.08773017940928589
97,poisson,2026-04-06,0,0.08353819645259504
97,poisson,2026-04-13,0,0.0855382442918199
97,poisson,2026-04-20,0,0.08758617670994465
97,poisson,2026-04-27,0,0.08968314014599506
97,poisson,2026-05-04,0,0.0853978394943161
97,poisson,2026-05-11,0,0.08744241038054534
97,poisson,2026-05-18,0,0.08953593180385579
97,poisson,2026-05-25,0,0.09167957572414202
97,poisson,2026-06-01,0,0.08729888003310404
97,poisson,2026-06-08,0,0.08938896509348761
97,poisson,2026-06-15,0,0.09152909037841915
98,poisson,2026-01-05,1,0.043029690843136105
98,poisson,2026-01-12,0,0.038072575407497554
98,poisson,2026-01-19,0,0.04576882989386387
98,poisson,2026-01-26,0,0.04527626398606093
98,poisson,2026-02-02,0,0.04036145550709448
98,poisson,2026-02-09,0,0.04133551536854393
98,poisson,2026-02-16,0,0.04253137244273488
98,poisson,2026-02-23,0,0.043761826258472226
98,poisson,2026-03-02,0,0.043158967711152095
98,poisson,2026-03-09,0,0.04440757817099497
98,poisson,2026-03-16,0,0.045692311554140004
98,poisson,2026-03-23,0,0.047014212914773264
98,poisson,2026-03-30,0,0.04837435754101969
98,poisson,2026-04-06,0,0.04770795722348088
98,poisson,2026-04-13,0,0.04908817221855785
98,poisson,2026-04-20,0,0.05050831752177423
98,poisson,2026-04-27,0,0.051969548336858275
98,poisson,2026-05-04,0,0.051253621030027126
98,poisson,2026-05-11,0,0.05273641384729784
98,poisson,2026-05-18,0,0.054262104600260964
98,poisson,2026-05-25,0,0.05583193434758987
98,poisson,2026-06-01,0,0.055062799196875165
98,poisson,2026-06-08,0,0.05665579343820131
98,poisson,2026-06-15,0,0.058294873797376766
99,poisson,2026-01-05,0,0.14767722330058627
99,poisson,2026-01-12,0,0.14537483447760643
99,poisson,2026-01-19,0,0.14310834146965962
99,poisson,2026-01-26,0,0.14087718463646087
99,poisson,2026-02-02,0,0.13146324266703258
99,poisson,2026-02-09,0,0.12941364088156854
99,poisson,2026-02-16,0,0.1273959937884865
99,poisson,2026-02-23,0,0.12540980319229694
99,poisson,2026-03-02,1,0.11702944967588975
99,poisson,2026-03-09,0,0.13808906788559022
99,poisson,2026-03-16,0,0.10795918475805916
99,poisson,2026-03-23,0,0.10949842786577793
99,poisson,2026-03-30,0,0.11040529159116397
99,poisson,2026-04-06,0,0.10255614802626824
99,poisson,2026-04-13,0,0.10095722759923033
99,poisson,2026-04-20,0,0.09938323543423429
99,poisson,2026-04-27,0,0.09783378288264066
99,poisson,2026-05-04,0,0.09129616249305449
99,poisson,2026-05-11,0,0.08987279293472311
99,poisson,2026-05-18,0,0.08847161468043194
99,poisson,2026-05-25,0,0.08709228175258703
99,poisson,2026-06-01,0,0.08127244876458625
99,poisson,2026-06-08,0,0.08000535575274847
99,poisson,2026-06-15,1,0.07875801758680313
100,poisson,2026-01-05,2,0.3925651180000323
100,poisson,2026-01-12,0,0.41779000027242585
100,poisson,2026-01-19,1,0.5871326464721881
100,poisson,2026-01-26,0,0.409905954304613
100,poisson,2026-02-02,1,0.46188057398319
100,poisson,2026-02-09,0,0.38181449805631423
100,poisson,2026-02-16,0,0.4551100269109647
100,poisson,2026-02-23,1,0.3989753737402403
100,poisson,2026-03-02,0,0.3567012735153853
100,poisson,2026-03-09,2,0.44737748505375735
100,poisson,2026-03-16,1,0.353084552604524
100,poisson,2026-03-23,0,0.504552393307367
100,poisson,2026-03-30,0,0.49561527293959096
100,poisson,2026-04-06,1,0.3919644275037779
100,poisson,2026-04-13,0,0.3465238598874657
100,poisson,2026-04-20,0,0.43461289448098467
100,poisson,2026-04-27,1,0.3825855603125604
100,poisson,2026-05-04,1,0.34204807006694565
100,poisson,2026-05-11,0,0.40620561412657696
100,poisson,2026-05-18,1,0.45273715758135286
100,poisson,2026-05-25,0,0.35715740943348656
100,poisson,2026-06-01,0,0.425213349317658
100,poisson,2026-06-08,0,0.3727662431760514
100,poisson,2026-06-15,0,0.3509347013975033
101,poisson,2026-01-05,0,0.10901683617327945
101,poisson,2026-01-12,0,0.1073492900430602
101,poisson,2026-01-19,0,0.10570725107479878
101,poisson,2026-01-26,0,0.10409032910518928
101,poisson,2026-02-02,0,0.09184525523847976
101,poisson,2026-02-09,0,0.09044036948570953
101,poisson,2026-02-16,0,0.08905697318248366
101,poisson,2026-02-23,0,0.08769473762133197
101,poisson,2026-03-02,0,0.07737842342455623
101,poisson,2026-03-09,1,0.0761948255962447
101,poisson,2026-03-16,0,0.06980083840520772
101,poisson,2026-03-23,0,0.07861050007528317
101,poisson,2026-03-30,0,0.07426311643023074
101,poisson,2026-04-06,0,0.0641379709010101
101,poisson,2026-04-13,0,0.06321122884973805
101,poisson,2026-04-20,0,0.06224433562705049
101,poisson,2026-04-27,0,0.0612922322213162
101,poisson,2026-05-04,0,0.054081880237059544
101,poisson,2026-05-11,0,0.0532546315911628
101,poisson,2026-05-18,0,0.052440036727256244
101,poisson,2026-05-25,0,0.051637902090234694
101,poisson,2026-06-01,0,0.04556327507298459
101,poisson,2026-06-08,0,0.04486632893424961
101,poisson,2026-06-15,0,0.044180043440947156
108,poisson,2026-01-05,0,0.07245440228690427
108,poisson,2026-01-12,0,0.06265119849141991
108,poisson,2026-01-19,2,0.06649515225277867
108,poisson,2026-01-26,0,0.0646523004385759
108,poisson,2026-02-02,0,0.07041556067457154
108,poisson,2026-02-09,0,0.07473589557367606
108,poisson,2026-02-16,0,0.07722980880320365
108,poisson,2026-02-23,2,0.07644538676205717
108,poisson,2026-03-02,0,0.08601734989673301
108,poisson,2026-03-09,0,0.07437905623382925
108,poisson,2026-03-16,0,0.07894257073731477
108,poisson,2026-03-23,0,0.08157685938835023
108,poisson,2026-03-30,0,0.08074828441783863
108,poisson,2026-04-06,0,0.09656723555433099
108,poisson,2026-04-13,0,0.09361623709938989
108,poisson,2026-04-20,0,0.09075541821551213
108,poisson,2026-04-27,0,0.0879820231049021
108,poisson,2026-05-04,0,0.10521809609915032
108,poisson,2026-05-11,0,0.1020027359696192
108,poisson,2026-05-18,0,0.09888563404039644
108,poisson,2026-05-25,0,0.09586378763882993
108,poisson,2026-06-01,0,0.11464393366113618
108,poisson,2026-06-08,0,0.11114052933191068
108,poisson,2026-06-15,0,0.10774418554659773
109,poisson,2026-01-05,0,0.03986231572134662
109,poisson,2026-01-12,0,0.0403432952238884
109,poisson,2026-01-19,0,0.040830078234773345
109,poisson,2026-01-26,1,0.041322734779249685
109,poisson,2026-02-02,0,0.04123567585632545
109,poisson,2026-02-09,0,0.04758537293732819
109,poisson,2026-02-16,0,0.04835231980988683
109,poisson,2026-02-23,0,0.04407709789954291
109,poisson,2026-03-02,1,0.04458594951783086
109,poisson,2026-03-09,0,0.044136684725415834
109,poisson,2026-03-16,0,0.0509330951721024
109,poisson,2026-03-23,1,0.05175399822782549
109,poisson,2026-03-30,0,0.04614582645787548
109,poisson,2026-04-06,0,0.05322417920729864
109,poisson,2026-04-13,0,0.05408200831039927
109,poisson,2026-04-20,0,0.0493001780322842
109,poisson,2026-04-27,0,0.049471051654815475
109,poisson,2026-05-04,0,0.050471052234048006
109,poisson,2026-05-11,0,0.05108003696453857
109,poisson,2026-05-18,0,0.05169636971702498
109,poisson,2026-05-25,0,0.052320139152888336
109,poisson,2026-06-01,0,0.05337773076875856
109,poisson,2026-06-08,0,0.054021787540859706
109,poisson,2026-06-15,0,0.05467361551491558
110,poisson,2026-01-05,0,0.15570588695960297
110,poisson,2026-01-12,0,0.15730030891372032
110,poisson,2026-01-19,0,0.1589110576838458
110,poisson,2026-01-26,0,0.16053830045591172
110,poisson,2026-02-02,0,0.1455208360802404
110,poisson,2026-02-09,0,0.14701096352730378
110,poisson,2026-02-16,0,0.14851634981886183
110,poisson,2026-02-23,0,0.1500371512048621
110,poisson,2026-03-02,0,0.13600201088727157
110,poisson,2026-03-09,0,0.1373946659512322
110,poisson,2026-03-16,0,0.1388015817464462
110,poisson,2026-03-23,0,0.1402229043022219
110,poisson,2026-03-30,0,0.141658781143202
110,poisson,2026-04-06,0,0.1284073907069161
110,poisson,2026-04-13,0,0.1297222771688978
110,poisson,2026-04-20,0,0.13105062801480927
110,poisson,2026-04-27,0,0.13239258111939475
110,poisson,2026-05-04,0,0.12000799211529165
110,poisson,2026-05-11,0,0.1212368690770716
110,poisson,2026-05-18,0,0.1224783296889949
110,poisson,2026-05-25,0,0.12373250280712768
110,poisson,2026-06-01,1,0.11215801592305237
110,poisson,2026-06-08,0,0.0808665186018564
110,poisson,2026-06-15,0,0.17271079327784858
111,poisson,2026-01-05,0,0.1133048245954039
111,poisson,2026-01-12,0,0.11370591613432167
111,poisson,2026-01-19,0,0.11410842751059558
111,poisson,2026-01-26,0,0.11451236375035538
111,poisson,2026-02-02,0,0.10620682803720834
111,poisson,2026-02-09,0,0.10658279314066384
111,poisson,2026-02-16,0,0.106960089135566
111,poisson,2026-02-23,0,0.10733872073318207
111,poisson,2026-03-02,0,0.09955348646453577
111,poisson,2026-03-09,0,0.09990589918158704
111,poisson,2026-03-16,0,0.10025955941620456
111,poisson,2026-03-23,0,0.10061447158451742
111,poisson,2026-03-30,0,0.10097064011828759
111,poisson,2026-04-06,0,0.09364728017691049
111,poisson,2026-04-13,0,0.09397878531674674
111,poisson,2026-04-20,0,0.09431146396271717
111,poisson,2026-04-27,0,0.09464532026895542
111,poisson,2026-05-04,0,0.08778073323370954
111,poisson,2026-05-11,0,0.08809147118777073
111,poisson,2026-05-18,0,0.08840330913351048
111,poisson,2026-05-25,0,0.08871625096482609
111,poisson,2026-06-01,0,0.08228169694294572
111,poisson,2026-06-08,0,0.08257296867448456
111,poisson,2026-06-15,0,0.08286527148856969
112,poisson,2026-01-05,0,0.029111381779967378
112,poisson,2026-01-12,0,0.03003917134262606
112,poisson,2026-01-19,0,0.030996529871783304
112,poisson,2026-01-26,0,0.031984399740381184
112,poisson,2026-02-02,0,0.032063070747671854
112,poisson,2026-02-09,0,0.033084931633950626
112,poisson,2026-02-16,0,0.034139359571561556
112,poisson,2026-02-23,0,0.03522739248342228
112,poisson,2026-03-02,0,0.035314040176466076
112,poisson,2026-03-09,0,0.036439510555669484
112,poisson,2026-03-16,0,0.037600850055713626
112,poisson,2026-03-23,0,0.038799201837585805
112,poisson,2026-03-30,0,0.040035745495199865
112,poisson,2026-04-06,0,0.040134220140692865
112,poisson,2026-04-13,0,0.04141331128220662
112,poisson,2026-04-20,0,0.04273316749010421
112,poisson,2026-04-27,0,0.044095087960809826
112,poisson,2026-05-04,0,0.04420354724141557
112,poisson,2026-05-11,0,0.04561232921106075
112,poisson,2026-05-18,0,0.04706600953755406
112,poisson,2026-05-25,0,0.04856601914668178
112,poisson,2026-06-01,0,0.04868547543404003
112,poisson,2026-06-08,0,0.05023709796787183
112,poisson,2026-06-15,0,0.05183817123554227
114,poisson,2026-01-05,0,0.12809992285449973
114,poisson,2026-01-12,0,0.13323449434384269
114,poisson,2026-01-19,0,0.13857487254869105
114,poisson,2026-01-26,0,0.1441293067268913
114,poisson,2026-02-02,0,0.12911436317426886
114,poisson,2026-02-09,0,0.1342895960178692
114,poisson,2026-02-16,0,0.13967226538771668
114,poisson,2026-02-23,0,0.14527068586862743
114,poisson,2026-03-02,0,0.1301368369817985
114,poisson,2026-03-09,0,0.13535305318232646
114,poisson,2026-03-16,0,0.14077834862653119
114,poisson,2026-03-23,0,0.14642110374353154
114,poisson,2026-03-30,0,0.1522900348714105
114,poisson,2026-04-06,0,0.136424932005454
114,poisson,2026-04-13,0,0.14189319108556597
114,poisson,2026-04-20,0,0.14758063193053325
114,poisson,2026-04-27,0,0.1534960399042791
114,poisson,2026-05-04,0,0.1375052991794865
114,poisson,2026-05-11,0,0.14301686213025036
114,poisson,2026-05-18,0,0.1487493425754053
114,poisson,2026-05-25,0,0.15471159545133947
114,poisson,2026-06-01,0,0.1385942219248033
114,poisson,2026-06-08,0,0.1441494316753279
114,poisson,2026-06-15,0,0.14992730839525237
120,poisson,2026-01-05,0,0.01908845606505894
120,poisson,2026-01-12,0,0.01970626612029992
120,poisson,2026-01-19,0,0.02034407199202055
120,poisson,2026-01-26,0,0.021002520857574616
120,poisson,2026-02-02,0,0.02176918416645975
120,poisson,2026-02-09,0,0.022473757696481914
120,poisson,2026-02-16,0,0.02320113519818312
120,poisson,2026-02-23,0,0.023952054736651233
120,poisson,2026-03-02,0,0.024826386044951132
120,poisson,2026-03-09,0,0.02562990786366653
120,poisson,2026-03-16,0,0.026459436178534152
120,poisson,2026-03-23,0,0.02731581270638902
120,poisson,2026-03-30,0,0.02819990640676836
120,poisson,2026-04-06,0,0.029229298721275544
120,poisson,2026-04-13,0,0.03017532361695589
120,poisson,2026-04-20,0,0.03115196721176348
120,poisson,2026-04-27,0,0.0321602204994243
120,poisson,2026-05-04,0,0.033334177722453166
120,poisson,2026-05-11,0,0.03441305964511524
120,poisson,2026-05-18,0,0.03552686026931958
120,poisson,2026-05-25,0,0.03667670976111288
120,poisson,2026-06-01,0,0.03801553417438961
120,poisson,2026-06-08,0,0.039245931184406904
120,poisson,2026-06-15,0,0.040516150778405646
121,poisson,2026-01-05,0,0.07184665529512814
121,poisson,2026-01-12,0,0.08673200071057056
121,poisson,2026-01-19,0,0.08801434685525475
121,poisson,2026-01-26,0,0.090474438840839
121,poisson,2026-02-02,0,0.08267123275821808
121,poisson,2026-02-09,0,0.08525778418753224
121,poisson,2026-02-16,0,0.08792526156984454
121,poisson,2026-02-23,0,0.09067619685166657
121,poisson,2026-03-02,0,0.08285558961842811
121,poisson,2026-03-09,0,0.08544790905777881
121,poisson,2026-03-16,0,0.0881213349150137
121,poisson,2026-03-23,0,0.09087840478288552
121,poisson,2026-03-30,0,0.09372173564832005
121,poisson,2026-04-06,0,0.08563845790651167
121,poisson,2026-04-13,0,0.08831784550376906
121,poisson,2026-04-20,0,0.09108106363781839
121,poisson,2026-04-27,0,0.09393073513146663
121,poisson,2026-05-04,0,0.08582943167920291
121,poisson,2026-05-11,0,0.08851479431116387
121,poisson,2026-05-18,0,0.0912841744220251
121,poisson,2026-05-25,0,0.09414020068348888
121,poisson,2026-06-01,0,0.08602083132343305
121,poisson,2026-06-08,0,0.08871218231442574
121,poisson,2026-06-15,0,0.09148773814330806
122,poisson,2026-01-05,0,0.07003143863613275
122,poisson,2026-01-12,1,0.07286414317564734
122,poisson,2026-01-19,0,0.1259440809480725
122,poisson,2026-01-26,0,0.06645867805368676
122,poisson,2026-02-02,0,0.07983678864870178
122,poisson,2026-02-09,0,0.07872190458204159
122,poisson,2026-02-16,0,0.07946760144659555
122,poisson,2026-02-23,0,0.08268198972343388
122,poisson,2026-03-02,0,0.07694916381603312
122,poisson,2026-03-09,0,0.08006168370565117
122,poisson,2026-03-16,0,0.08330010204020137
122,poisson,2026-03-23,1,0.08666951129105695
122,poisson,2026-03-30,0,0.1498063583820326
122,poisson,2026-04-06,0,0.07070927022778804
122,poisson,2026-04-13,0,0.09496324465862921
122,poisson,2026-04-20,0,0.09363712658474073
122,poisson,2026-04-27,0,0.09452410857623095
122,poisson,2026-05-04,0,0.08797019931095602
122,poisson,2026-05-11,0,0.09152850951824591
122,poisson,2026-05-18,0,0.09523074996134843
122,poisson,2026-05-25,0,0.09908274248028703
122,poisson,2026-06-01,0,0.09221275646559009
122,poisson,2026-06-08,0,0.09594267404158657
122,poisson,2026-06-15,0,0.09982346320690508
123,poisson,2026-01-05,0,0.1535403229928345
123,poisson,2026-01-12,0,0.15551861783597296
123,poisson,2026-01-19,0,0.15752240207766224
123,poisson,2026-01-26,0,0.15955200413681359
123,poisson,2026-02-02,0,0.14996982180582524
123,poisson,2026-02-09,0,0.15190211242057602
123,poisson,2026-02-16,0,0.1538592996910332
123,poisson,2026-02-23,0,0.15584170439889536
123,poisson,2026-03-02,0,0.14648235078625305
123,poisson,2026-03-09,0,0.1483697069772698
123,poisson,2026-03-16,0,0.15028138086507842
123,poisson,2026-03-23,0,0.15221768577176398
123,poisson,2026-03-30,0,0.1541789390564194
123,poisson,2026-04-06,0,0.144919445804488
123,poisson,2026-04-13,0,0.1467866646999366
123,poisson,2026-04-20,0,0.14867794183259533
123,poisson,2026-04-27,0,0.15059358718153462
123,poisson,2026-05-04,0,0.14154941867949755
123,poisson,2026-05-11,0,0.14337321636055342
123,poisson,2026-05-18,0,0.14522051281689533
123,poisson,2026-05-25,0,0.14709161081919012
123,poisson,2026-06-01,0,0.138257759800812
123,poisson,2026-06-08,0,0.14003914600546774
123,poisson,2026-06-15,0,0.14184348453348464
125,poisson,2026-01-05,0,0.15821646421565322
125,poisson,2026-01-12,0,0.15435841316194332
125,poisson,2026-01-19,0,0.1505944392828614
125,poisson,2026-01-26,0,0.1469222485406503
125,poisson,2026-02-02,0,0.13291856801089513
125,poisson,2026-02-09,0,0.1296773969740233
125,poisson,2026-02-16,0,0.12651526071647134
125,poisson,2026-02-23,0,0.12343023200383202
125,poisson,2026-03-02,0,0.11166565887849635
125,poisson,2026-03-09,0,0.10894273231687009
125,poisson,2026-03-16,0,0.10628620333113667
125,poisson,2026-03-23,0,0.1036944528405076
125,poisson,2026-03-30,0,0.10116590124489172
125,poisson,2026-04-06,0,0.09152342043881931
125,poisson,2026-04-13,0,0.08929165505072523
125,poisson,2026-04-20,0,0.08711431045157908
125,poisson,2026-04-27,0,0.08499005961019494
125,poisson,2026-05-04,0,0.07688935563371911
125,poisson,2026-05-11,0,0.07501443660432269
125,poisson,2026-05-18,0,0.0731852367949382
125,poisson,2026-05-25,1,0.07140064135897987
125,poisson,2026-06-01,0,0.07144400020753688
125,poisson,2026-06-08,0,0.07949225059535545
125,poisson,2026-06-15,0,0.07808658907556608
126,poisson,2026-01-05,0,0.046336532606753515
126,poisson,2026-01-12,0,0.04746198754371376
126,poisson,2026-01-19,0,0.04861477833737001
126,poisson,2026-01-26,0,0.049795568940615244
126,poisson,2026-02-02,0,0.048290084803154436
126,poisson,2026-02-09,0,0.04946298901696731
126,poisson,2026-02-16,0,0.05066438156954347
126,poisson,2026-02-23,0,0.051894954406086886
126,poisson,2026-03-02,0,0.05032599892802444
126,poisson,2026-03-09,0,0.05154835288427937
126,poisson,2026-03-16,0,0.05280039625010783
126,poisson,2026-03-23,0,0.05408285014318312
126,poisson,2026-03-30,0,0.0553964531962017
126,poisson,2026-04-06,0,0.053721635871432694
126,poisson,2026-04-13,0,0.05502646549315264
126,poisson,2026-04-20,0,0.0563629877525613
126,poisson,2026-04-27,0,0.05773197242317311
126,poisson,2026-05-04,0,0.055986544656074715
126,poisson,2026-05-11,0,0.057346386006770445
126,poisson,2026-05-18,0,0.05873925615948319
126,poisson,2026-05-25,0,0.0601659573414449
126,poisson,2026-06-01,0,0.058346942189700955
126,poisson,2026-06-08,0,0.05976411456859324
126,poisson,2026-06-15,0,0.06121570824663374
127,poisson,2026-01-05,1,0.05979958091536104
127,poisson,2026-01-12,0,0.06323707878136416
127,poisson,2026-01-19,0,0.05737751582591408
127,poisson,2026-01-26,0,0.06430224553834189
127,poisson,2026-02-02,0,0.06077214720564815
127,poisson,2026-02-09,0,0.06286895521016533
127,poisson,2026-02-16,0,0.06470656446632674
127,poisson,2026-02-23,0,0.06659788557068165
127,poisson,2026-03-02,0,0.062395051560561805
127,poisson,2026-03-09,0,0.06421880899223958
127,poisson,2026-03-16,0,0.06609587339436476
127,poisson,2026-03-23,0,0.06802780288702982
127,poisson,2026-03-30,0,0.07001620113293096
127,poisson,2026-04-06,0,0.06559764536559266
127,poisson,2026-04-13,0,0.06751501205163417
127,poisson,2026-04-20,0,0.06948842183172661
127,poisson,2026-04-27,0,0.07151951280066612
127,poisson,2026-05-04,0,0.06700608661288089
127,poisson,2026-05-11,0,0.06896462090961554
127,poisson,2026-05-18,0,0.07098040159672137
127,poisson,2026-05-25,0,0.07305510194038321
127,poisson,2026-06-01,0,0.06844476837773655
127,poisson,2026-06-08,0,0.0704453541912959
127,poisson,2026-06-15,0,0.07250441552741563
