hex_id,model,semana,y_true,y_pred
2,poisson,2026-01-05,0,0.05740884471763254
2,poisson,2026-01-12,0,0.056863325569302334
2,poisson,2026-01-19,0,0.05861498269628323
2,poisson,2026-01-26,0,0.06007747790067958
2,poisson,2026-02-02,0,0.05840664595478394
2,poisson,2026-02-09,0,0.05986394297483685
2,poisson,2026-02-16,0,0.061357600833111835
2,poisson,2026-02-23,0,0.06288852676439904
2,poisson,2026-03-02,0,0.061139515933385416
2,poisson,2026-03-09,0,0.0626650004552355
2,poisson,2026-03-16,0,0.06422854715325556
2,poisson,2026-03-23,0,0.06583110571210911
2,poisson,2026-03-30,0,0.0674736495119245
2,poisson,2026-04-06,0,0.06559712051886216
2,poisson,2026-04-13,0,0.06723382618297777
2,poisson,2026-04-20,0,0.06891136908826737
2,poisson,2026-04-27,1,0.0706307681596991
2,poisson,2026-05-04,0,0.06437421374134736
2,poisson,2026-05-11,0,0.06624309418370317
2,poisson,2026-05-18,0,0.07422101268152374
2,poisson,2026-05-25,0,0.07351573836664463
3,poisson,2026-01-05,0,0.14301684679532875
3,poisson,2026-01-12,0,0.14561103218065682
3,poisson,2026-01-19,0,0.14825227354550233
3,poisson,2026-01-26,0,0.15094142443919945
3,poisson,2026-02-02,0,0.13955322129314618
3,poisson,2026-02-09,0,0.14208457990764722
3,poisson,2026-02-16,0,0.1446618548856391
3,poisson,2026-02-23,0,0.1472858791049385
3,poisson,2026-03-02,1,0.13617347892702894
3,poisson,2026-03-09,0,0.1573670339583098
3,poisson,2026-03-16,0,0.16006199215003136
3,poisson,2026-03-23,0,0.16972545362958538
3,poisson,2026-03-30,0,0.14870009410795748
3,poisson,2026-04-06,0,0.1352858210865107
3,poisson,2026-04-13,0,0.13773977324507697
3,poisson,2026-04-20,0,0.14023823768991364
3,poisson,2026-04-27,0,0.14278202183025326
3,poisson,2026-05-04,0,0.13200942791676387
3,poisson,2026-05-11,0,0.1344039495154485
3,poisson,2026-05-18,0,0.13684190538831384
3,poisson,2026-05-25,0,0.1393240833905099
4,poisson,2026-01-05,0,0.07577363563269764
4,poisson,2026-01-12,1,0.0750140360107813
4,poisson,2026-01-19,0,0.06648818020468245
4,poisson,2026-01-26,0,0.0859734693279123
4,poisson,2026-02-02,0,0.07274520796496924
4,poisson,2026-02-09,0,0.07059694721985192
4,poisson,2026-02-16,0,0.06956626086172457
4,poisson,2026-02-23,0,0.06886888762619914
4,poisson,2026-03-02,0,0.06649386346108367
4,poisson,2026-03-09,0,0.06582728974948789
4,poisson,2026-03-16,0,0.06516739816598426
4,poisson,2026-03-23,0,0.06451412172497908
4,poisson,2026-03-30,0,0.0638673941123817
4,poisson,2026-04-06,0,0.06166485230274525
4,poisson,2026-04-13,0,0.061046687447600306
4,poisson,2026-04-20,0,0.06043471944161446
4,poisson,2026-04-27,0,0.059828886163916205
4,poisson,2026-05-04,0,0.05776561702586224
4,poisson,2026-05-11,0,0.05718654040526423
4,poisson,2026-05-18,0,0.056613268790304296
4,poisson,2026-05-25,0,0.056045743988181636
6,poisson,2026-01-05,0,0.05487086748319216
6,poisson,2026-01-12,0,0.10517437230929605
6,poisson,2026-01-19,0,0.06567329940826772
6,poisson,2026-01-26,0,0.06762888374339394
6,poisson,2026-02-02,0,0.06812314518986408
6,poisson,2026-02-09,0,0.06968068400267442
6,poisson,2026-02-16,0,0.07127383372491426
6,poisson,2026-02-23,0,0.07290340854937293
6,poisson,2026-03-02,0,0.07343621852889202
6,poisson,2026-03-09,0,0.0751152332060034
6,poisson,2026-03-16,0,0.07683263616538784
6,poisson,2026-03-23,0,0.07858930510051405
6,poisson,2026-03-30,0,0.08038613777206333
6,poisson,2026-04-06,0,0.08097363480782878
6,poisson,2026-04-13,1,0.08282498178653942
6,poisson,2026-04-20,0,0.07998177067531718
6,poisson,2026-04-27,0,0.08267058825006653
6,poisson,2026-05-04,0,0.1026668637665565
6,poisson,2026-05-11,0,0.08908441671175932
6,poisson,2026-05-18,0,0.09132605085744874
6,poisson,2026-05-25,0,0.09341409110331121
7,poisson,2026-01-05,0,0.08303915079898519
7,poisson,2026-01-12,0,0.0930122061028104
7,poisson,2026-01-19,0,0.09644460808454038
7,poisson,2026-01-26,0,0.09957866272895298
7,poisson,2026-02-02,0,0.0957174550574301
7,poisson,2026-02-09,0,0.09882788020749278
7,poisson,2026-02-16,0,0.10203938143201166
7,poisson,2026-02-23,0,0.10535524328931385
7,poisson,2026-03-02,0,0.10127004609469858
7,poisson,2026-03-09,0,0.10456090770538352
7,poisson,2026-03-16,0,0.10795870883627519
7,poisson,2026-03-23,0,0.11146692458366597
7,poisson,2026-03-30,0,0.11508914297024082
7,poisson,2026-04-06,0,0.1106265094143427
7,poisson,2026-04-13,0,0.11422141775096283
7,poisson,2026-04-20,0,0.11793314588075113
7,poisson,2026-04-27,0,0.12176548996839333
7,poisson,2026-05-04,0,0.11704397803895061
7,poisson,2026-05-11,0,0.12084742781451459
7,poisson,2026-05-18,0,0.12477447412565106
7,poisson,2026-05-25,0,0.12882913335341062
8,poisson,2026-01-05,0,0.3977286857753789
8,poisson,2026-01-12,0,0.4047136827757419
8,poisson,2026-01-19,0,0.4118213518006282
8,poisson,2026-01-26,0,0.41905384724260236
8,poisson,2026-02-02,0,0.3865625385182704
8,poisson,2026-02-09,0,0.39335143323110416
8,poisson,2026-02-16,0,0.40025955597777335
8,poisson,2026-02-23,0,0.40728900066673485
8,poisson,2026-03-02,0,0.37570987844231485
8,poisson,2026-03-09,0,0.3823081763971383
8,poisson,2026-03-16,0,0.3890223550844066
8,poisson,2026-03-23,0,0.39585444962654714
8,poisson,2026-03-30,0,0.40280653088724694
8,poisson,2026-04-06,0,0.37157495662214335
8,poisson,2026-04-13,0,0.37810063618773915
8,poisson,2026-04-20,0,0.38474092114595865
8,poisson,2026-04-27,0,0.3914978242214365
8,poisson,2026-05-04,0,0.3611430696824123
8,poisson,2026-05-11,0,0.3674855421986093
8,poisson,2026-05-18,0,0.37393940258569675
8,poisson,2026-05-25,0,0.38050660706149797
9,poisson,2026-01-05,0,0.056549714671764
9,poisson,2026-01-12,0,0.0574461269791632
9,poisson,2026-01-19,0,0.058356748996187306
9,poisson,2026-01-26,0,0.05928180597169328
9,poisson,2026-02-02,0,0.05989393913237498
9,poisson,2026-02-09,0,0.06084336327162156
9,poisson,2026-02-16,0,0.06180783745114337
9,poisson,2026-02-23,0,0.06278760024051425
9,poisson,2026-03-02,0,0.06343593359603306
9,poisson,2026-03-09,0,0.0644415045690593
9,poisson,2026-03-16,0,0.06546301560829837
9,poisson,2026-03-23,0,0.06650071939179854
9,poisson,2026-03-30,0,0.06755487260299899
9,poisson,2026-04-06,0,0.06825243194701877
9,poisson,2026-04-13,0,0.06933435287911117
9,poisson,2026-04-20,0,0.07043342415837667
9,poisson,2026-04-27,0,0.07154991764794262
9,poisson,2026-05-04,0,0.07228872910144762
9,poisson,2026-05-11,0,0.0734346324332135
9,poisson,2026-05-18,0,0.07459870034557271
9,poisson,2026-05-25,0,0.07578122077903382
12,poisson,2026-01-05,0,0.1824916800498797
12,poisson,2026-01-12,0,0.18370655974335207
12,poisson,2026-01-19,0,0.18492952710783064
12,poisson,2026-01-26,0,0.18616063598438518
12,poisson,2026-02-02,0,0.16893428431523652
12,poisson,2026-02-09,0,0.17005891000496534
12,poisson,2026-02-16,0,0.17119102252868487
12,poisson,2026-02-23,0,0.17233067172758545
12,poisson,2026-03-02,0,0.15638407410847868
12,poisson,2026-03-09,0,0.15742515080833122
12,poisson,2026-03-16,0,0.15847315814163315
12,poisson,2026-03-23,0,0.15952814224684872
12,poisson,2026-03-30,0,0.16059014956959403
12,poisson,2026-04-06,0,0.14572995973161432
12,poisson,2026-04-13,0,0.14670011009003117
12,poisson,2026-04-20,0,0.14767671891258036
12,poisson,2026-04-27,0,0.14865982919441065
12,poisson,2026-05-04,0,0.134903610092359
12,poisson,2026-05-11,0,0.1358016875084501
12,poisson,2026-05-18,0,0.13670574358622967
12,poisson,2026-05-25,0,0.1376158181267159
13,poisson,2026-01-05,0,0.1368111374422012
13,poisson,2026-01-12,0,0.14376165608237196
13,poisson,2026-01-19,0,0.13724197895936008
13,poisson,2026-01-26,0,0.14130190801232914
13,poisson,2026-02-02,0,0.1368560499808229
13,poisson,2026-02-09,0,0.1389654593249855
13,poisson,2026-02-16,0,0.14110738172050288
13,poisson,2026-02-23,0,0.14328231830221227
13,poisson,2026-03-02,0,0.1387741495551835
13,poisson,2026-03-09,0,0.14091312322745403
13,poisson,2026-03-16,0,0.14308506563623152
13,poisson,2026-03-23,0,0.1452904849399852
13,poisson,2026-03-30,0,0.14752989712960532
13,poisson,2026-04-06,0,0.14288808452234944
13,poisson,2026-04-13,0,0.14509046768848033
13,poisson,2026-04-20,0,0.14732679694344486
13,poisson,2026-04-27,0,0.14959759550997953
13,poisson,2026-05-04,0,0.14489072579499992
13,poisson,2026-05-11,0,0.14712397635949673
13,poisson,2026-05-18,0,0.14939164878264907
13,poisson,2026-05-25,0,0.15169427362039747
14,poisson,2026-01-05,0,0.2610854401761953
14,poisson,2026-01-12,0,0.2673922095163064
14,poisson,2026-01-19,0,0.27385132492168446
14,poisson,2026-01-26,1,0.28046646645772455
14,poisson,2026-02-02,0,0.21488716886329198
14,poisson,2026-02-09,0,0.26185623847889633
14,poisson,2026-02-16,0,0.25514659764088365
14,poisson,2026-02-23,0,0.2876490663047753
14,poisson,2026-03-02,0,0.2763833977289353
14,poisson,2026-03-09,0,0.28305970391336377
14,poisson,2026-03-16,0,0.28989728268013437
14,poisson,2026-03-23,0,0.2969000297232277
14,poisson,2026-03-30,0,0.3040719348408507
14,poisson,2026-04-06,0,0.2912344170921476
14,poisson,2026-04-13,0,0.298269463900052
14,poisson,2026-04-20,0,0.3054744490142993
14,poisson,2026-04-27,0,0.3128534774577489
14,poisson,2026-05-04,0,0.29964521451263537
14,poisson,2026-05-11,0,0.306883432203074
14,poisson,2026-05-18,0,0.31429649598748205
14,poisson,2026-05-25,0,0.3218886294410384
15,poisson,2026-01-05,0,0.27941652912311254
15,poisson,2026-01-12,0,0.2835013490374352
15,poisson,2026-01-19,0,0.2876458853679083
15,poisson,2026-01-26,0,0.29185101111516176
15,poisson,2026-02-02,0,0.26529408419633915
15,poisson,2026-02-09,0,0.26917244658842127
15,poisson,2026-02-16,0,0.2731075071722097
15,poisson,2026-02-23,0,0.2771000948245905
15,poisson,2026-03-02,0,0.2518854247114495
15,poisson,2026-03-09,1,0.2555677644864726
15,poisson,2026-03-16,0,0.24478259740434502
15,poisson,2026-03-23,0,0.22013485130366756
15,poisson,2026-03-30,0,0.35219903039145384
15,poisson,2026-04-06,0,0.24262118687528217
15,poisson,2026-04-13,0,0.24619803506916804
15,poisson,2026-04-20,0,0.2497972302909888
15,poisson,2026-04-27,0,0.2534490425300052
15,poisson,2026-05-04,0,0.23038649539543665
15,poisson,2026-05-11,0,0.2337545400395229
15,poisson,2026-05-18,0,0.23717182248595994
15,poisson,2026-05-25,0,0.24063906254740952
16,poisson,2026-01-05,0,0.09345708966484918
16,poisson,2026-01-12,0,0.09559404422028038
16,poisson,2026-01-19,0,0.0973567958140245
16,poisson,2026-01-26,0,0.09860697595248746
16,poisson,2026-02-02,0,0.09649042536484928
16,poisson,2026-02-09,0,0.09772948024883925
16,poisson,2026-02-16,0,0.09898444611052189
16,poisson,2026-02-23,0,0.10025552726627938
16,poisson,2026-03-02,0,0.09810359132970159
16,poisson,2026-03-09,0,0.0993633612344812
16,poisson,2026-03-16,0,0.10063930812311513
16,poisson,2026-03-23,0,0.1019316397278294
16,poisson,2026-03-30,0,0.10324056644838545
16,poisson,2026-04-06,0,0.10102455810340062
16,poisson,2026-04-13,0,0.10232183678828191
16,poisson,2026-04-20,0,0.1036357741155551
16,poisson,2026-04-27,0,0.10496658400253005
16,poisson,2026-05-04,0,0.10271352753358431
16,poisson,2026-05-11,0,0.104032494648312
16,poisson,2026-05-18,0,0.10536839891135415
16,poisson,2026-05-25,0,0.1067214578163766
21,poisson,2026-01-05,0,0.28056352824041275
21,poisson,2026-01-12,1,0.27303890673015624
21,poisson,2026-01-19,0,0.37661694648042654
21,poisson,2026-01-26,0,0.23895322276415154
21,poisson,2026-02-02,0,0.2909193200690725
21,poisson,2026-02-09,0,0.27293324468499863
21,poisson,2026-02-16,0,0.26561326486901543
21,poisson,2026-02-23,0,0.25978454073790774
21,poisson,2026-03-02,0,0.27617499438465853
21,poisson,2026-03-09,0,0.270114499420402
21,poisson,2026-03-16,0,0.2641869983910006
21,poisson,2026-03-23,0,0.25838957282414904
21,poisson,2026-03-30,0,0.25271936829167047
21,poisson,2026-04-06,0,0.2686640626135691
21,poisson,2026-04-13,0,0.2627683905518241
21,poisson,2026-04-20,0,0.25700209548498304
21,poisson,2026-04-27,0,0.2513623383123234
21,poisson,2026-05-04,0,0.2672214142332558
21,poisson,2026-05-11,0,0.2613574002268085
21,poisson,2026-05-18,0,0.25562206849818864
21,poisson,2026-05-25,0,0.25001259519182417
22,poisson,2026-01-05,0,0.06573757842231884
22,poisson,2026-01-12,0,0.06429792551244208
22,poisson,2026-01-19,0,0.06637996925387228
22,poisson,2026-01-26,0,0.06852943206219587
22,poisson,2026-02-02,0,0.06815798086806457
22,poisson,2026-02-09,0,0.0703650178193176
22,poisson,2026-02-16,0,0.07264352126711524
22,poisson,2026-02-23,0,0.07499580538210404
22,poisson,2026-03-02,0,0.0745893043995957
22,poisson,2026-03-09,1,0.0770045952999648
22,poisson,2026-03-16,0,0.10441764219756136
22,poisson,2026-03-23,0,0.06795380759700952
22,poisson,2026-03-30,0,0.11010793710069461
22,poisson,2026-04-06,0,0.08657747123332342
22,poisson,2026-04-13,0,0.08699946245164851
22,poisson,2026-04-20,0,0.08981660911480477
22,poisson,2026-04-27,0,0.09272497835679187
22,poisson,2026-05-04,0,0.09222237964993013
22,poisson,2026-05-11,0,0.09520865061963324
22,poisson,2026-05-18,0,0.09829162061552
22,poisson,2026-05-25,0,0.10147442086772997
23,poisson,2026-01-05,0,0.09039648936663909
23,poisson,2026-01-12,0,0.13240119587643576
23,poisson,2026-01-19,0,0.13429453304725772
23,poisson,2026-01-26,0,0.1409367804350325
23,poisson,2026-02-02,0,0.13248834888988278
23,poisson,2026-02-09,0,0.13904126187417187
23,poisson,2026-02-16,0,0.14591828387589126
23,poisson,2026-02-23,0,0.15313544542305677
23,poisson,2026-03-02,0,0.14395576696155615
23,poisson,2026-03-09,0,0.1510758618407649
23,poisson,2026-03-16,0,0.15854811872194802
23,poisson,2026-03-23,0,0.16638995564204714
23,poisson,2026-03-30,0,0.17461965213927114
23,poisson,2026-04-06,0,0.16415210652780787
23,poisson,2026-04-13,0,0.17227111834490372
23,poisson,2026-04-20,0,0.18079169889163982
23,poisson,2026-04-27,0,0.18973370987634441
23,poisson,2026-05-04,0,0.1783601546216428
23,poisson,2026-05-11,0,0.18718190070643548
23,poisson,2026-05-18,0,0.1964399729659259
23,poisson,2026-05-25,0,0.2061559522219714
24,poisson,2026-01-05,0,0.4051826650587817
24,poisson,2026-01-12,0,0.4087730634803463
24,poisson,2026-01-19,2,0.4123952770853757
24,poisson,2026-01-26,0,0.33454792328327787
24,poisson,2026-02-02,0,0.819304486524417
24,poisson,2026-02-09,0,0.35425770443454435
24,poisson,2026-02-16,0,0.40223981885921695
24,poisson,2026-02-23,0,0.3941093915879175
24,poisson,2026-03-02,0,0.3635751842597622
24,poisson,2026-03-09,0,0.36679689111016983
24,poisson,2026-03-16,0,0.3700471460999427
24,poisson,2026-03-23,1,0.37332620219941576
24,poisson,2026-03-30,0,0.3377353398359211
24,poisson,2026-04-06,0,0.5076433814291454
24,poisson,2026-04-13,0,0.3352829124676875
24,poisson,2026-04-20,0,0.358847566230758
24,poisson,2026-04-27,0,0.35677266590562795
24,poisson,2026-05-04,0,0.329131176556976
24,poisson,2026-05-11,0,0.33204766869423574
24,poisson,2026-05-18,1,0.3349900044069224
24,poisson,2026-05-25,0,0.303053903833878
25,poisson,2026-01-05,0,0.17665394902449838
25,poisson,2026-01-12,0,0.178287145639037
25,poisson,2026-01-19,0,0.17993544144154433
25,poisson,2026-01-26,0,0.18159897602665057
25,poisson,2026-02-02,0,0.16573522853874362
25,poisson,2026-02-09,0,0.16726747967523942
25,poisson,2026-02-16,0,0.16881389674112748
25,poisson,2026-02-23,0,0.17037461070289942
25,poisson,2026-03-02,0,0.1554913780896021
25,poisson,2026-03-09,0,0.15692892303942185
25,poisson,2026-03-16,0,0.1583797583433959
25,poisson,2026-03-23,0,0.15984400687316982
25,poisson,2026-03-30,0,0.16132179263635896
25,poisson,2026-04-06,0,0.1472293773668802
25,poisson,2026-04-13,0,0.1485905386769105
25,poisson,2026-04-20,0,0.1499642841610035
25,poisson,2026-04-27,0,0.15135073016204645
25,poisson,2026-05-04,0,0.13812934633084747
25,poisson,2026-05-11,0,0.1394063762644647
25,poisson,2026-05-18,1,0.14069521256287454
25,poisson,2026-05-25,0,0.13667193803683958
26,poisson,2026-01-05,0,0.07843458428448706
26,poisson,2026-01-12,0,0.08031452875882564
26,poisson,2026-01-19,0,0.08223953232615024
26,poisson,2026-01-26,0,0.0842106749767949
26,poisson,2026-02-02,0,0.08644398868417956
26,poisson,2026-02-09,0,0.08851590505052599
26,poisson,2026-02-16,0,0.09063748175178384
26,poisson,2026-02-23,0,0.09280990906228252
26,poisson,2026-03-02,0,0.0952712792169219
26,poisson,2026-03-09,0,0.09755477082411132
26,poisson,2026-03-16,0,0.09989299386729035
26,poisson,2026-03-23,0,0.10228726016651378
26,poisson,2026-03-30,0,0.10473891298394705
26,poisson,2026-04-06,0,0.10751664692478148
26,poisson,2026-04-13,0,0.11009363930804612
26,poisson,2026-04-20,0,0.11273239784504926
26,poisson,2026-04-27,0,0.11543440296614552
26,poisson,2026-05-04,0,0.11849578722080323
26,poisson,2026-05-11,0,0.12133593104830363
26,poisson,2026-05-18,0,0.12424414832508088
26,poisson,2026-05-25,0,0.12722207065670763
27,poisson,2026-01-05,0,0.19691017707782954
27,poisson,2026-01-12,0,0.19526727136820424
27,poisson,2026-01-19,1,0.19363807312261538
27,poisson,2026-01-26,0,0.2203300205727774
27,poisson,2026-02-02,0,0.27850938559804395
27,poisson,2026-02-09,0,0.20735457342721184
27,poisson,2026-02-16,0,0.2039305275720646
27,poisson,2026-02-23,0,0.19535132119382345
27,poisson,2026-03-02,0,0.2037965247664689
27,poisson,2026-03-09,0,0.2020961633168507
27,poisson,2026-03-16,0,0.2004099887090477
27,poisson,2026-03-23,0,0.1987378825761793
27,poisson,2026-03-30,0,0.19707972753895028
27,poisson,2026-04-06,0,0.20559965158623417
27,poisson,2026-04-13,0,0.20388424587942552
27,poisson,2026-04-20,0,0.20218315253509542
27,poisson,2026-04-27,0,0.20049625213909067
27,poisson,2026-05-04,0,0.2091638754472897
27,poisson,2026-05-11,0,0.2074187318984934
27,poisson,2026-05-18,0,0.20568814882769257
27,poisson,2026-05-25,0,0.20397200475060046
28,poisson,2026-01-05,3,0.1366739276572937
28,poisson,2026-01-12,0,0.2080935932516487
28,poisson,2026-01-19,0,0.14569254836123938
28,poisson,2026-01-26,0,0.1219145226948226
28,poisson,2026-02-02,0,0.14184380715912373
28,poisson,2026-02-09,0,0.14551643693729302
28,poisson,2026-02-16,1,0.15081064777770367
28,poisson,2026-02-23,0,0.18188425549821233
28,poisson,2026-03-02,0,0.14267159654059225
28,poisson,2026-03-09,0,0.13784185563114348
28,poisson,2026-03-16,0,0.1546075465814718
28,poisson,2026-03-23,0,0.1596900590841618
28,poisson,2026-03-30,0,0.16549993774600336
28,poisson,2026-04-06,0,0.15190214210277056
28,poisson,2026-04-13,0,0.15742867906538624
28,poisson,2026-04-20,0,0.16315628370470725
28,poisson,2026-04-27,0,0.16909227130893095
28,poisson,2026-05-04,0,0.15519932257781008
28,poisson,2026-05-11,0,0.16084581828172775
28,poisson,2026-05-18,0,0.16669774602751775
28,poisson,2026-05-25,0,0.17276257988866572
29,poisson,2026-01-05,0,0.05963790087296307
29,poisson,2026-01-12,0,0.0596388506964458
29,poisson,2026-01-19,0,0.059639800535055895
29,poisson,2026-01-26,0,0.0596407503887936
29,poisson,2026-02-02,0,0.05843932027661645
29,poisson,2026-02-09,0,0.05844025101089618
29,poisson,2026-02-16,0,0.058441181759999246
29,poisson,2026-02-23,0,0.0584421125239259
29,poisson,2026-03-02,0,0.057264828312245615
29,poisson,2026-03-09,0,0.057265740340970116
29,poisson,2026-03-16,0,0.05726665238422005
29,poisson,2026-03-23,0,0.057267564441995655
29,poisson,2026-03-30,0,0.057268476514297145
29,poisson,2026-04-06,0,0.056114834554491844
29,poisson,2026-04-13,0,0.056115728267832
29,poisson,2026-04-20,0,0.056116621995405895
29,poisson,2026-04-27,0,0.05611751573721374
29,poisson,2026-05-04,0,0.05498705924919591
29,poisson,2026-05-11,0,0.05498793500101407
29,poisson,2026-05-18,0,0.0549888107667799
29,poisson,2026-05-25,0,0.054989686546493624
31,poisson,2026-01-05,0,0.3402829268580933
31,poisson,2026-01-12,0,0.3150613474343953
31,poisson,2026-01-19,0,0.230536161973607
31,poisson,2026-01-26,1,0.22628986763249667
31,poisson,2026-02-02,0,0.17908705291120788
31,poisson,2026-02-09,0,0.32796641616098665
31,poisson,2026-02-16,0,0.30358526476397346
31,poisson,2026-02-23,0,0.22213890196416783
31,poisson,2026-03-02,0,0.23084700563233856
31,poisson,2026-03-09,0,0.2265409112073553
31,poisson,2026-03-16,0,0.22231514032456434
31,poisson,2026-03-23,0,0.21816819467231863
31,poisson,2026-03-30,0,0.21409860388766117
31,poisson,2026-04-06,0,0.22243842316917975
31,poisson,2026-04-13,0,0.21828917786583632
31,poisson,2026-04-20,0,0.21421733032652146
31,poisson,2026-04-27,0,0.2102214368154617
31,poisson,2026-05-04,0,0.21841022814948668
31,poisson,2026-05-11,0,0.21433612260405147
31,poisson,2026-05-18,0,0.21033801320648896
31,poisson,2026-05-25,0,0.2064144823660108
32,poisson,2026-01-05,0,0.1439736270265311
32,poisson,2026-01-12,0,0.101092054903111
32,poisson,2026-01-19,0,0.1331296542582601
32,poisson,2026-01-26,0,0.1551128991312939
32,poisson,2026-02-02,0,0.162485806866923
32,poisson,2026-02-09,0,0.16295370597939662
32,poisson,2026-02-16,0,0.16342295246850386
32,poisson,2026-02-23,0,0.16389355021419166
32,poisson,2026-03-02,0,0.1693667138809367
32,poisson,2026-03-09,0,0.16985442746426754
32,poisson,2026-03-16,0,0.17034354548258987
32,poisson,2026-03-23,0,0.17083407198015774
32,poisson,2026-03-30,0,0.1713260110128712
32,poisson,2026-04-06,0,0.17704737892160546
32,poisson,2026-04-13,0,0.17755720998353358
32,poisson,2026-04-20,0,0.1780685091706228
32,poisson,2026-04-27,0,0.1785812807105314
32,poisson,2026-05-04,0,0.1845449356308642
32,poisson,2026-05-11,0,0.18507635688702298
32,poisson,2026-05-18,0,0.1856093084401283
32,poisson,2026-05-25,0,0.18614379469687017
33,poisson,2026-01-05,0,0.013107588121030673
33,poisson,2026-01-12,0,0.01392063061363315
33,poisson,2026-01-19,0,0.014784104817140304
33,poisson,2026-01-26,0,0.0157011389290177
33,poisson,2026-02-02,0,0.015900610302050904
33,poisson,2026-02-09,0,0.01688689944346341
33,poisson,2026-02-16,0,0.01793436650521918
33,poisson,2026-02-23,0,0.019046806254775738
33,poisson,2026-03-02,0,0.01928878186003046
33,poisson,2026-03-09,0,0.02048523380358692
33,poisson,2026-03-16,0,0.021755899726213057
33,poisson,2026-03-23,0,0.023105383001006324
33,poisson,2026-03-30,0,0.024538572540852507
33,poisson,2026-04-06,0,0.024850316980483737
33,poisson,2026-04-13,0,0.02639174195304272
33,poisson,2026-04-20,0,0.028028779023744947
33,poisson,2026-04-27,0,0.02976735885640738
33,poisson,2026-05-04,0,0.030145531164129977
33,poisson,2026-05-11,0,0.032015409708694945
33,poisson,2026-05-18,0,0.03400127379527568
33,poisson,2026-05-25,0,0.036110317819463146
34,poisson,2026-01-05,0,0.16734193458810098
34,poisson,2026-01-12,0,0.16786186664754865
34,poisson,2026-01-19,0,0.16838341413798266
34,poisson,2026-01-26,0,0.1689065820785535
34,poisson,2026-02-02,0,0.15941236306016546
34,poisson,2026-02-09,0,0.15990765790919004
34,poisson,2026-02-16,0,0.1604044916412897
34,poisson,2026-02-23,0,0.16090286903778028
34,poisson,2026-03-02,0,0.15185853778358901
34,poisson,2026-03-09,0,0.1523303628672949
34,poisson,2026-03-16,0,0.15280365391342124
34,poisson,2026-03-23,0,0.1532784154767191
34,poisson,2026-03-30,0,0.15375465212609127
34,poisson,2026-04-06,0,0.14511212129977763
34,poisson,2026-04-13,0,0.14556298524051028
34,poisson,2026-04-20,0,0.1460152500173084
34,poisson,2026-04-27,0,0.14646891998257525
34,poisson,2026-05-04,0,0.1382359192990697
34,poisson,2026-05-11,0,0.1386654188527095
34,poisson,2026-05-18,0,0.1390962528631787
34,poisson,2026-05-25,0,0.13952842547664002
35,poisson,2026-01-05,0,0.047745116280395634
35,poisson,2026-01-12,0,0.04811728935145342
35,poisson,2026-01-19,0,0.04849236351073995
35,poisson,2026-01-26,0,0.04887036137223125
35,poisson,2026-02-02,0,0.04851096507132971
35,poisson,2026-02-09,0,0.04888910793194281
35,poisson,2026-02-16,0,0.04927019841528043
35,poisson,2026-02-23,0,0.0496542594980549
35,poisson,2026-03-02,0,0.049289098351574266
35,poisson,2026-03-09,0,0.049673306759308485
35,poisson,2026-03-16,0,0.05006051007069299
35,poisson,2026-03-23,0,0.05045073163099484
35,poisson,2026-03-30,0,0.05084399496745737
35,poisson,2026-04-06,0,0.050470084417151034
35,poisson,2026-04-13,0,0.05086349860853692
35,poisson,2026-04-20,0,0.051259979462635406
35,poisson,2026-04-27,0,0.05165955088407525
35,poisson,2026-05-04,0,0.05127964267442321
35,poisson,2026-05-11,0,0.05167936737055352
35,poisson,2026-05-18,0,0.0520822079197663
35,poisson,2026-05-25,0,0.05248818861012916
36,poisson,2026-01-05,0,0.1650371185103066
36,poisson,2026-01-12,0,0.18686998983664738
36,poisson,2026-01-19,0,0.19686480182611726
36,poisson,2026-01-26,0,0.20113220240443327
36,poisson,2026-02-02,0,0.1933745893228459
36,poisson,2026-02-09,0,0.19756633323365844
36,poisson,2026-02-16,0,0.20184894077384108
36,poisson,2026-02-23,0,0.2062243815768729
36,poisson,2026-03-02,0,0.19827036456150635
36,poisson,2026-03-09,0,0.202568233253849
36,poisson,2026-03-16,0,0.20695926602211123
36,poisson,2026-03-23,1,0.2114454823661111
36,poisson,2026-03-30,0,0.20906107982338534
36,poisson,2026-04-06,0,0.16782048568626484
36,poisson,2026-04-13,0,0.18568802841140047
36,poisson,2026-04-20,0,0.21025282248767874
36,poisson,2026-04-27,0,0.2214982741134679
36,poisson,2026-05-04,0,0.2129551473129343
36,poisson,2026-05-11,0,0.217571335226512
36,poisson,2026-05-18,0,0.22228758736075938
36,poisson,2026-05-25,0,0.22710607278860967
37,poisson,2026-01-05,0,0.2028797448221004
37,poisson,2026-01-12,0,0.20572816508852848
37,poisson,2026-01-19,0,0.20861657701613154
37,poisson,2026-01-26,0,0.21154554208559503
37,poisson,2026-02-02,0,0.20540214336001572
37,poisson,2026-02-09,0,0.208285977960791
37,poisson,2026-02-16,1,0.21121030143801414
37,poisson,2026-02-23,0,0.3169541493441686
37,poisson,2026-03-02,0,0.175565294947613
37,poisson,2026-03-09,0,0.22138657927744915
37,poisson,2026-03-16,0,0.21505449398084514
37,poisson,2026-03-23,0,0.21683852288450836
37,poisson,2026-03-30,0,0.21988292361395606
37,poisson,2026-04-06,0,0.21349740274980067
37,poisson,2026-04-13,0,0.21649489433948862
37,poisson,2026-04-20,0,0.21953447054338984
37,poisson,2026-04-27,0,0.22261672222713322
37,poisson,2026-05-04,0,0.21615181034981532
37,poisson,2026-05-11,0,0.21918656967369662
37,poisson,2026-05-18,0,0.22226393684869417
37,poisson,2026-05-25,0,0.2253845100866537
38,poisson,2026-01-05,0,0.20655643051534103
38,poisson,2026-01-12,0,0.20587469050205856
38,poisson,2026-01-19,1,0.20519520057338753
38,poisson,2026-01-26,0,0.25220330203041935
38,poisson,2026-02-02,0,0.21398073923931385
38,poisson,2026-02-09,0,0.20657995803347995
38,poisson,2026-02-16,0,0.20352879895992634
38,poisson,2026-02-23,0,0.19886295831582898
38,poisson,2026-03-02,0,0.19529163243268166
38,poisson,2026-03-09,0,0.19464707191352254
38,poisson,2026-03-16,0,0.194004638767962
38,poisson,2026-03-23,0,0.1933643259745982
38,poisson,2026-03-30,0,0.19272612653520338
38,poisson,2026-04-06,0,0.18926501034804108
38,poisson,2026-04-13,0,0.18864034071007985
38,poisson,2026-04-20,0,0.18801773279581424
38,poisson,2026-04-27,0,0.1873971798005201
38,poisson,2026-05-04,0,0.18403176472111893
38,poisson,2026-05-11,0,0.1834243674233812
38,poisson,2026-05-18,0,0.18281897484193713
38,poisson,2026-05-25,0,0.1822155803602157
39,poisson,2026-01-05,0,0.11558594200397537
39,poisson,2026-01-12,0,0.12068116916243717
39,poisson,2026-01-19,0,0.12600100269902956
39,poisson,2026-01-26,0,0.1315553436492762
39,poisson,2026-02-02,0,0.1207667238026852
39,poisson,2026-02-09,0,0.1260903287349938
39,poisson,2026-02-16,0,0.13164860733056746
39,poisson,2026-02-23,0,0.1374519044081767
39,poisson,2026-03-02,0,0.12617971809696757
39,poisson,2026-03-09,0,0.1317419371293877
39,poisson,2026-03-16,0,0.1375493483450781
39,poisson,2026-03-23,0,0.1436127602372653
39,poisson,2026-03-30,0,0.14994345775615053
39,poisson,2026-04-06,0,0.13764686136302187
39,poisson,2026-04-13,0,0.14371457179678532
39,poisson,2026-04-20,0,0.15004975734435394
39,poisson,2026-04-27,0,0.1566642087688642
39,poisson,2026-05-04,0,0.1438164555336915
39,poisson,2026-05-11,0,0.15015613229164684
39,poisson,2026-05-18,0,0.15677527290682364
39,poisson,2026-05-25,0,0.16368619662679154
40,poisson,2026-01-05,0,0.06596156775944506
40,poisson,2026-01-12,0,0.06628382970015244
40,poisson,2026-01-19,0,0.06660766608431164
40,poisson,2026-01-26,0,0.06693308460402603
40,poisson,2026-02-02,0,0.06699497756125158
40,poisson,2026-02-09,0,0.06732228833053579
40,poisson,2026-02-16,0,0.06765119820983673
40,poisson,2026-02-23,0,0.06798171501176889
40,poisson,2026-03-02,0,0.06804457763649677
40,poisson,2026-03-09,0,0.06837701633358358
40,poisson,2026-03-16,0,0.06871107919369936
40,poisson,2026-03-23,0,0.0690467741518576
40,poisson,2026-03-30,0,0.06938410918183914
40,poisson,2026-04-06,0,0.06944826859907101
40,poisson,2026-04-13,0,0.06978756517096459
40,poisson,2026-04-20,0,0.07012851941073123
40,poisson,2026-04-27,0,0.07047113941707576
40,poisson,2026-05-04,0,0.07053630401009253
40,poisson,2026-05-11,0,0.07088091628952646
40,poisson,2026-05-18,0,0.07122721220726273
40,poisson,2026-05-25,0,0.07157519998888734
41,poisson,2026-01-05,0,0.10908938250622759
41,poisson,2026-01-12,0,0.10745783947979874
41,poisson,2026-01-19,0,0.10585069784410044
41,poisson,2026-01-26,0,0.10426759265143602
41,poisson,2026-02-02,0,0.10137936247357583
41,poisson,2026-02-09,0,0.09986313066377416
41,poisson,2026-02-16,0,0.09836957564779877
41,poisson,2026-02-23,0,0.09689835827105944
41,poisson,2026-03-02,0,0.09421425714791216
41,poisson,2026-03-09,0,0.09280518679928246
41,poisson,2026-03-16,0,0.09141719053548339
41,poisson,2026-03-23,0,0.09004995317207297
41,poisson,2026-03-30,0,0.08870316423851426
41,poisson,2026-04-06,0,0.08624607139393488
41,poisson,2026-04-13,0,0.08495617339371817
41,poisson,2026-04-20,0,0.08368556713426219
41,poisson,2026-04-27,0,0.08243396408789926
41,poisson,2026-05-04,0,0.08015052916142852
41,poisson,2026-05-11,0,0.07895179621498026
41,poisson,2026-05-18,0,0.07777099154289199
41,poisson,2026-05-25,0,0.07660784700952716
42,poisson,2026-01-05,0,0.1363666540851217
42,poisson,2026-01-12,0,0.1195187986942613
42,poisson,2026-01-19,0,0.12246346021961804
42,poisson,2026-01-26,0,0.12708162005504198
42,poisson,2026-02-02,0,0.12493929855014121
42,poisson,2026-02-09,0,0.1296508235176341
42,poisson,2026-02-16,0,0.13454002250584665
42,poisson,2026-02-23,0,0.1396135956931409
42,poisson,2026-03-02,0,0.13726001215918546
42,poisson,2026-03-09,0,0.1424361575500357
42,poisson,2026-03-16,0,0.14780749803584298
42,poisson,2026-03-23,0,0.15338139452365654
42,poisson,2026-03-30,0,0.1591654855041022
42,poisson,2026-04-06,0,0.15648229935739025
42,poisson,2026-04-13,0,0.16238332704802633
42,poisson,2026-04-20,0,0.16850688551657567
42,poisson,2026-04-27,0,0.17486136651269862
42,poisson,2026-05-04,0,0.17191358172923246
42,poisson,2026-05-11,0,0.17839653098513328
42,poisson,2026-05-18,0,0.18512395557935124
42,poisson,2026-05-25,0,0.19210507480216418
43,poisson,2026-01-05,0,0.1263949562331625
43,poisson,2026-01-12,0,0.12567467756418868
43,poisson,2026-01-19,0,0.12495850350014884
43,poisson,2026-01-26,0,0.12424641065039932
43,poisson,2026-02-02,0,0.11900223244145722
43,poisson,2026-02-09,1,0.11832408220396104
43,poisson,2026-02-16,0,0.11903618045532954
43,poisson,2026-02-23,0,0.11710280970984692
43,poisson,2026-03-02,0,0.11739455404675167
43,poisson,2026-03-09,0,0.11147345582362658
43,poisson,2026-03-16,0,0.11076856898927719
43,poisson,2026-03-23,1,0.11013733939109176
43,poisson,2026-03-30,0,0.11080016816888515
43,poisson,2026-04-06,0,0.10499822890367179
43,poisson,2026-04-13,0,0.10927212449808565
43,poisson,2026-04-20,0,0.10376070203512329
43,poisson,2026-04-27,0,0.10310458572252658
43,poisson,2026-05-04,0,0.09875275922824275
43,poisson,2026-05-11,0,0.09819000333912961
43,poisson,2026-05-18,0,0.09763045439018918
43,poisson,2026-05-25,1,0.09707409410624125
45,poisson,2026-01-05,0,0.11086765049122031
45,poisson,2026-01-12,0,0.10999723886095054
45,poisson,2026-01-19,0,0.10913366075157484
45,poisson,2026-01-26,0,0.10827686251375515
45,poisson,2026-02-02,0,0.10228299886638058
45,poisson,2026-02-09,0,0.10147998453895765
45,poisson,2026-02-16,0,0.10068327460246178
45,poisson,2026-02-23,0,0.09989281956170516
45,poisson,2026-03-02,0,0.09436306993741599
45,poisson,2026-03-09,0,0.09362223423667214
45,poisson,2026-03-16,0,0.09288721476823042
45,poisson,2026-03-23,0,0.09215796586939101
45,poisson,2026-03-30,0,0.09143444223594777
45,poisson,2026-04-06,0,0.08637292154987884
45,poisson,2026-04-13,0,0.08569481576226366
45,poisson,2026-04-20,0,0.0850220337202269
45,poisson,2026-04-27,0,0.08435453362753635
45,poisson,2026-05-04,0,0.07968493422408951
45,poisson,2026-05-11,0,0.07905933520400905
45,poisson,2026-05-18,0,0.07843864770375022
45,poisson,2026-05-25,0,0.07782283316342689
46,poisson,2026-01-05,0,0.1045531455736627
46,poisson,2026-01-12,0,0.10516452487690853
46,poisson,2026-01-19,0,0.10577947924860767
46,poisson,2026-01-26,0,0.10639802959413659
46,poisson,2026-02-02,0,0.10231133370904978
46,poisson,2026-02-09,0,0.1029096039148287
46,poisson,2026-02-16,0,0.10351137253301364
46,poisson,2026-02-23,0,0.10411666002073126
46,poisson,2026-03-02,0,0.10011759041672842
46,poisson,2026-03-09,0,0.10070303260821663
46,poisson,2026-03-16,0,0.10129189819971028
46,poisson,2026-03-23,0,0.1018842072096975
46,poisson,2026-03-30,0,0.10247997977372554
46,poisson,2026-04-06,0,0.09854377425147459
46,poisson,2026-04-13,1,0.09912001348091636
46,poisson,2026-04-20,1,0.14201546939111656
46,poisson,2026-04-27,0,0.11544850963617746
46,poisson,2026-05-04,0,0.07919130900774078
46,poisson,2026-05-11,0,0.09938673507496253
46,poisson,2026-05-18,0,0.0983828533126199
46,poisson,2026-05-25,0,0.09813237645415245
47,poisson,2026-01-05,0,0.06261707485693521
47,poisson,2026-01-12,0,0.06360090481143647
47,poisson,2026-01-19,0,0.0646001925525173
47,poisson,2026-01-26,0,0.06561518095056887
47,poisson,2026-02-02,0,0.06298440074218456
47,poisson,2026-02-09,0,0.06397400206511525
47,poisson,2026-02-16,0,0.06497915185348828
47,poisson,2026-02-23,0,0.06600009440242732
47,poisson,2026-03-02,0,0.06335388144393214
47,poisson,2026-03-09,0,0.06434928799144127
47,poisson,2026-03-16,0,0.0653603342151982
47,poisson,2026-03-23,0,0.06638726584341692
47,poisson,2026-03-30,0,0.06743033246515577
47,poisson,2026-04-06,0,0.06472677542966203
47,poisson,2026-04-13,0,0.06574375267862283
47,poisson,2026-04-20,0,0.06677670851941117
47,poisson,2026-04-27,0,0.0678258940052311
47,poisson,2026-05-04,0,0.06510647729434285
47,poisson,2026-05-11,0,0.06612942036123919
47,poisson,2026-05-18,0,0.06716843575398693
47,poisson,2026-05-25,0,0.06822377599852483
48,poisson,2026-01-05,0,0.1408003164570423
48,poisson,2026-01-12,0,0.14383593429880998
48,poisson,2026-01-19,0,0.14693699926394455
48,poisson,2026-01-26,0,0.15010492237523612
48,poisson,2026-02-02,0,0.13550089480575078
48,poisson,2026-02-09,0,0.1384222585086038
48,poisson,2026-02-16,0,0.1414066060455974
48,poisson,2026-02-23,0,0.14445529533165308
48,poisson,2026-03-02,0,0.13040093200899058
48,poisson,2026-03-09,0,0.13321234185344508
48,poisson,2026-03-16,0,0.13608436495573226
48,poisson,2026-03-23,0,0.1390183081217711
48,poisson,2026-03-30,0,0.14201550633187282
48,poisson,2026-04-06,0,0.1281985152769062
48,poisson,2026-04-13,0,0.1309624415950792
48,poisson,2026-04-20,0,0.1337859574387298
48,poisson,2026-04-27,0,0.13667034754237625
48,poisson,2026-05-04,0,0.12337339836938035
48,poisson,2026-05-11,0,0.12603329643433867
48,poisson,2026-05-18,0,0.1287505412029582
48,poisson,2026-05-25,0,0.13152636905510787
49,poisson,2026-01-05,0,0.33920497048514664
49,poisson,2026-01-12,0,0.3335198023553368
49,poisson,2026-01-19,0,0.32792991919914616
49,poisson,2026-01-26,0,0.322433724014342
49,poisson,2026-02-02,0,0.3244955492751197
49,poisson,2026-02-09,0,0.31905691507006806
49,poisson,2026-02-16,0,0.31370943386259187
49,poisson,2026-02-23,0,0.3084515779035077
49,poisson,2026-03-02,0,0.31042399334172627
49,poisson,2026-03-09,0,0.3052212022648427
49,poisson,2026-03-16,0,0.3001056113901673
49,poisson,2026-03-23,0,0.29507575921844864
49,poisson,2026-03-30,0,0.29013020874556233
49,poisson,2026-04-06,0,0.2919854668924419
49,poisson,2026-04-13,0,0.28709171056460747
49,poisson,2026-04-20,0,0.282279974932019
49,poisson,2026-04-27,0,0.27754888530537886
49,poisson,2026-05-04,0,0.2793236912893766
49,poisson,2026-05-11,0,0.27464214978558327
49,poisson,2026-05-18,0,0.2700390721985116
49,poisson,2026-05-25,1,0.26551314345144555
50,poisson,2026-01-05,0,0.39751694139609917
50,poisson,2026-01-12,1,0.4103119350787481
50,poisson,2026-01-19,0,0.5090087342590064
50,poisson,2026-01-26,0,0.41886124894546034
50,poisson,2026-02-02,0,0.3699348803172347
50,poisson,2026-02-09,0,0.40510573227874197
50,poisson,2026-02-16,0,0.41814498858592547
50,poisson,2026-02-23,0,0.4343059379804822
50,poisson,2026-03-02,0,0.38030587057592635
50,poisson,2026-03-09,0,0.3950043701313442
50,poisson,2026-03-16,0,0.41027095423632065
50,poisson,2026-03-23,1,0.426127578877195
50,poisson,2026-03-30,0,0.52862868713655
50,poisson,2026-04-06,0,0.36674488651934284
50,poisson,2026-04-13,0,0.3841941737852533
50,poisson,2026-04-20,0,0.42072070082992474
50,poisson,2026-04-27,0,0.4342625606821683
50,poisson,2026-05-04,0,0.38026788665778055
50,poisson,2026-05-11,0,0.39496491816695667
50,poisson,2026-05-18,1,0.4102299774869485
50,poisson,2026-05-25,0,0.5089070625149056
54,poisson,2026-01-05,0,0.07296626097141638
54,poisson,2026-01-12,0,0.07438663245352452
54,poisson,2026-01-19,0,0.07583465308635422
54,poisson,2026-01-26,0,0.07731086109215596
54,poisson,2026-02-02,0,0.07383826900302713
54,poisson,2026-02-09,0,0.07527561511592738
54,poisson,2026-02-16,0,0.07674094081009575
54,poisson,2026-02-23,0,0.0782347907399902
54,poisson,2026-03-02,0,0.07472069826216235
54,poisson,2026-03-09,0,0.07617522186693305
54,poisson,2026-03-16,0,0.07765805943244074
54,poisson,2026-03-23,0,0.07916976212222099
54,poisson,2026-03-30,0,0.08071089182883623
54,poisson,2026-04-06,0,0.07708557967331314
54,poisson,2026-04-13,0,0.07858613839171372
54,poisson,2026-04-20,0,0.08011590719683753
54,poisson,2026-04-27,0,0.08167545469633442
54,poisson,2026-05-04,0,0.07800681701919868
54,poisson,2026-05-11,0,0.07952530867313588
54,poisson,2026-05-18,0,0.08107335949883764
54,poisson,2026-05-25,0,0.08265154489929227
55,poisson,2026-01-05,0,0.07536067193151949
55,poisson,2026-01-12,0,0.07726548768189297
55,poisson,2026-01-19,1,0.07921844954017496
55,poisson,2026-01-26,0,0.07745625372733812
55,poisson,2026-02-02,0,0.07984029121656956
55,poisson,2026-02-09,0,0.07898218730632012
55,poisson,2026-02-16,0,0.07850562359297097
55,poisson,2026-02-23,0,0.08056526441158073
55,poisson,2026-03-02,0,0.0741491510709597
55,poisson,2026-03-09,0,0.07602334442960083
55,poisson,2026-03-16,0,0.07794490988481816
55,poisson,2026-03-23,0,0.07991504481335168
55,poisson,2026-03-30,0,0.08193497685682656
55,poisson,2026-04-06,0,0.07540978139059047
55,poisson,2026-04-13,0,0.07731583843126474
55,poisson,2026-04-20,0,0.07927007295469138
55,poisson,2026-04-27,0,0.0812737026945451
55,poisson,2026-05-04,0,0.07480117024636537
55,poisson,2026-05-11,0,0.07669184403655023
55,poisson,2026-05-18,0,0.07863030648256922
55,poisson,2026-05-25,0,0.08061776549011088
56,poisson,2026-01-05,0,0.14966992461129985
56,poisson,2026-01-12,0,0.14795768966869283
56,poisson,2026-01-19,0,0.14626504281972788
56,poisson,2026-01-26,0,0.1445917599751734
56,poisson,2026-02-02,0,0.13793234115138328
56,poisson,2026-02-09,0,0.13635438502660843
56,poisson,2026-02-16,0,0.13479448083592624
56,poisson,2026-02-23,0,0.13325242206388344
56,poisson,2026-03-02,0,0.12711525568621276
56,poisson,2026-03-09,1,0.12566104781452708
56,poisson,2026-03-16,0,0.11337950389569773
56,poisson,2026-03-23,0,0.12591612476033903
56,poisson,2026-03-30,0,0.13136170346698223
56,poisson,2026-04-06,0,0.1155236854145998
56,poisson,2026-04-13,0,0.1144814827765033
56,poisson,2026-04-20,0,0.11317180619585118
56,poisson,2026-04-27,0,0.11187711241158065
56,poisson,2026-05-04,0,0.1067244221858521
56,poisson,2026-05-11,0,0.10550348694872452
56,poisson,2026-05-18,0,0.10429651930048367
56,poisson,2026-05-25,0,0.10310335945088557
57,poisson,2026-01-05,0,0.0956034381283816
57,poisson,2026-01-12,0,0.09515311111937651
57,poisson,2026-01-19,0,0.09470490531457709
57,poisson,2026-01-26,0,0.09425881072233916
57,poisson,2026-02-02,0,0.09449092726979975
57,poisson,2026-02-09,0,0.09404584059207603
57,poisson,2026-02-16,0,0.09360285043468934
57,poisson,2026-02-23,0,0.0931619469222654
57,poisson,2026-03-02,0,0.0933913623934409
57,poisson,2026-03-09,0,0.09295145506670781
57,poisson,2026-03-16,0,0.09251361986368241
57,poisson,2026-03-23,0,0.09207784702390752
57,poisson,2026-03-30,0,0.09164412683290113
57,poisson,2026-04-06,1,0.09186980460405571
57,poisson,2026-04-13,0,0.10657568194070646
57,poisson,2026-04-20,0,0.10607964806421485
57,poisson,2026-04-27,0,0.09245807385568297
57,poisson,2026-05-04,0,0.09217878175435985
57,poisson,2026-05-11,0,0.09037303645310288
57,poisson,2026-05-18,0,0.08994734654071726
57,poisson,2026-05-25,0,0.08952366178284028
58,poisson,2026-01-05,0,0.07856033895883481
58,poisson,2026-01-12,0,0.07998835537191529
58,poisson,2026-01-19,0,0.08144232929616553
58,poisson,2026-01-26,0,0.08292273256957007
58,poisson,2026-02-02,0,0.07836089999928295
58,poisson,2026-02-09,0,0.07978529114659418
58,poisson,2026-02-16,0,0.08123557390745959
58,poisson,2026-02-23,0,0.08271221892202159
58,poisson,2026-03-02,0,0.07816196734990129
58,poisson,2026-03-09,0,0.07958274243480518
58,poisson,2026-03-16,0,0.0810293434029401
58,poisson,2026-03-23,0,0.08250223969964735
58,poisson,2026-03-30,0,0.08400190930352634
58,poisson,2026-04-06,0,0.07938070792782838
58,poisson,2026-04-13,0,0.08082363645009819
58,poisson,2026-04-20,0,0.08229279354571695
58,poisson,2026-04-27,0,0.08378865597985315
58,poisson,2026-05-04,0,0.07917918632026617
58,poisson,2026-05-11,0,0.0806184517198076
58,poisson,2026-05-18,0,0.08208387910694434
58,poisson,2026-05-25,0,0.08357594403649424
59,poisson,2026-01-05,0,0.07221735643880771
59,poisson,2026-01-12,0,0.07128178231427841
59,poisson,2026-01-19,0,0.07035832853014445
59,poisson,2026-01-26,0,0.06944683806768602
59,poisson,2026-02-02,0,0.06845946951566427
59,poisson,2026-02-09,0,0.06757257872629942
59,poisson,2026-02-16,0,0.0666971775858878
59,poisson,2026-02-23,0,0.0658331172463022
59,poisson,2026-03-02,0,0.06489712719320277
59,poisson,2026-03-09,0,0.06405638646337984
59,poisson,2026-03-16,0,0.06322653750959313
59,poisson,2026-03-23,0,0.06240743922914471
59,poisson,2026-03-30,0,0.061598952347318804
59,poisson,2026-04-06,0,0.060723162029465184
59,poisson,2026-04-13,0,0.05993649491845695
59,poisson,2026-04-20,0,0.05916001906104719
59,poisson,2026-04-27,0,0.05839360242978938
59,poisson,2026-05-04,0,0.057563384549714824
59,poisson,2026-05-11,0,0.05681765228034444
59,poisson,2026-05-18,0,0.05608158095467864
59,poisson,2026-05-25,0,0.05535504541542292
61,poisson,2026-01-05,0,0.07682481265934546
61,poisson,2026-01-12,0,0.07658461323845543
61,poisson,2026-01-19,0,0.0763451648218282
61,poisson,2026-01-26,0,0.076106465061384
61,poisson,2026-02-02,0,0.07523628048815519
61,poisson,2026-02-09,0,0.07500104775048086
61,poisson,2026-02-16,0,0.07476655048830473
61,poisson,2026-02-23,0,0.07453278640209907
61,poisson,2026-03-02,0,0.07368059492435067
61,poisson,2026-03-09,0,0.07345022617213337
61,poisson,2026-03-16,0,0.0732205776877431
61,poisson,2026-03-23,0,0.07299164721920012
61,poisson,2026-03-30,0,0.07276343252156586
61,poisson,2026-04-06,0,0.07193147144671666
61,poisson,2026-04-13,0,0.07170657148032322
61,poisson,2026-04-20,0,0.07148237468312495
61,poisson,2026-04-27,0,0.07125887885660252
61,poisson,2026-05-04,0,0.07044412051726062
61,poisson,2026-05-11,0,0.07022387088218006
61,poisson,2026-05-18,0,0.07000430987663162
61,poisson,2026-05-25,0,0.06978543534755553
62,poisson,2026-01-05,0,0.15188337073048158
62,poisson,2026-01-12,0,0.15286558249769625
62,poisson,2026-01-19,0,0.15857014197187075
62,poisson,2026-01-26,0,0.1622979208302242
62,poisson,2026-02-02,0,0.1616555749080968
62,poisson,2026-02-09,0,0.16545588830243227
62,poisson,2026-02-16,0,0.16934554214731132
62,poisson,2026-02-23,1,0.17332663672112547
62,poisson,2026-03-02,0,0.14333458934841029
62,poisson,2026-03-09,0,0.17268900130541412
62,poisson,2026-03-16,0,0.18146714919676388
62,poisson,2026-03-23,0,0.18264067575498236
62,poisson,2026-03-30,0,0.1894563669015713
62,poisson,2026-04-06,0,0.18870653274425261
62,poisson,2026-04-13,0,0.1931427791551438
62,poisson,2026-04-20,0,0.19768331597894198
62,poisson,2026-04-27,0,0.20233059494830957
62,poisson,2026-05-04,0,0.20152980691651085
62,poisson,2026-05-11,0,0.20626751191071266
62,poisson,2026-05-18,0,0.2111165942190474
62,poisson,2026-05-25,0,0.21607967217805535
63,poisson,2026-01-05,0,0.3613722874039039
63,poisson,2026-01-12,0,0.3581277756507953
63,poisson,2026-01-19,0,0.35491239412400166
63,poisson,2026-01-26,0,0.3517258812833748
63,poisson,2026-02-02,0,0.3609661730948082
63,poisson,2026-02-09,0,0.3577253075611107
63,poisson,2026-02-16,0,0.3545135395168467
63,poisson,2026-02-23,0,0.35133060771578983
63,poisson,2026-03-02,0,0.36056051518161725
63,poisson,2026-03-09,0,0.3573232917696677
63,poisson,2026-03-16,0,0.3541151331470604
63,poisson,2026-03-23,0,0.35093577836116036
63,poisson,2026-03-30,0,0.3477849688022456
63,poisson,2026-04-06,0,0.35692172776816855
63,poisson,2026-04-13,0,0.35371717451090856
63,poisson,2026-04-20,0,0.3505413927202746
63,poisson,2026-04-27,0,0.34739412407717357
63,poisson,2026-05-04,0,0.35652061504888627
63,poisson,2026-05-11,0,0.3533196631052228
63,poisson,2026-05-18,0,0.35014745029448224
63,poisson,2026-05-25,0,0.34700371858787327
65,poisson,2026-01-05,0,0.17548001487593057
65,poisson,2026-01-12,0,0.17447285246510552
65,poisson,2026-01-19,0,0.1734714706334678
65,poisson,2026-01-26,0,0.17247583620355222
65,poisson,2026-02-02,0,0.16222192078779843
65,poisson,2026-02-09,0,0.16129085282005962
65,poisson,2026-02-16,1,0.16036512868967856
65,poisson,2026-02-23,0,0.19062159885179852
65,poisson,2026-03-02,0,0.13076118773515344
65,poisson,2026-03-09,0,0.13754388438587134
65,poisson,2026-03-16,0,0.14839665774569255
65,poisson,2026-03-23,0,0.14739814324294687
65,poisson,2026-03-30,0,0.14655215591268214
65,poisson,2026-04-06,0,0.13783943740206417
65,poisson,2026-04-13,0,0.13704831198428494
65,poisson,2026-04-20,0,0.1362617272076926
65,poisson,2026-04-27,0,0.13547965701141004
65,poisson,2026-05-04,0,0.1274252131302925
65,poisson,2026-05-11,0,0.12669385984800027
65,poisson,2026-05-18,1,0.12596670414647232
65,poisson,2026-05-25,0,0.14973314175401212
66,poisson,2026-01-05,0,0.6108823757912694
66,poisson,2026-01-12,0,0.46949570953276215
66,poisson,2026-01-19,0,0.59108018459664
66,poisson,2026-01-26,0,0.5131474500383937
66,poisson,2026-02-02,0,0.51940953716699
66,poisson,2026-02-09,0,0.5121891196930093
66,poisson,2026-02-16,0,0.505069074708881
66,poisson,2026-02-23,0,0.498048006916237
66,poisson,2026-03-02,0,0.5036911709323894
66,poisson,2026-03-09,0,0.49668925766000993
66,poisson,2026-03-16,0,0.48978467940619574
66,poisson,2026-03-23,0,0.4829760830970841
66,poisson,2026-03-30,0,0.4762621344681667
66,poisson,2026-04-06,0,0.4816584522973006
66,poisson,2026-04-13,0,0.47496282032175635
66,poisson,2026-04-20,0,0.468360265686261
66,poisson,2026-04-27,0,0.4618494945038056
66,poisson,2026-05-04,0,0.46708250901660214
66,poisson,2026-05-11,0,0.46058950018913813
66,poisson,2026-05-18,0,0.4541867519961867
66,poisson,2026-05-25,0,0.44787300970633437
67,poisson,2026-01-05,0,0.19174493375061757
67,poisson,2026-01-12,0,0.14344815313170042
67,poisson,2026-01-19,0,0.16047618137046454
67,poisson,2026-01-26,1,0.16355966788076762
67,poisson,2026-02-02,0,0.12016368584734807
67,poisson,2026-02-09,0,0.19721984677881785
67,poisson,2026-02-16,0,0.1475440431616997
67,poisson,2026-02-23,0,0.1650582744610892
67,poisson,2026-03-02,0,0.1570129298783666
67,poisson,2026-03-09,0,0.16009370879670615
67,poisson,2026-03-16,0,0.16323493623193552
67,poisson,2026-03-23,0,0.1664377982552696
67,poisson,2026-03-30,0,0.16970350421003966
67,poisson,2026-04-06,0,0.16149613638907945
67,poisson,2026-04-13,0,0.16466488110816838
67,poisson,2026-04-20,0,0.16789580033693452
67,poisson,2026-04-27,0,0.17119011401260736
67,poisson,2026-05-04,0,0.1629108493058833
67,poisson,2026-05-11,1,0.16610735236139054
67,poisson,2026-05-18,0,0.13075352281223976
67,poisson,2026-05-25,0,0.21460052222082948
68,poisson,2026-01-05,0,0.39447329641622775
68,poisson,2026-01-12,0,0.4028482118744342
68,poisson,2026-01-19,0,0.40643136865558166
68,poisson,2026-01-26,0,0.4100463960325015
68,poisson,2026-02-02,0,0.3654302850070628
68,poisson,2026-02-09,1,0.36868062586787276
68,poisson,2026-02-16,0,0.318473531359419
68,poisson,2026-02-23,0,0.40870921818782596
68,poisson,2026-03-02,0,0.31120131761796443
68,poisson,2026-03-09,0,0.3333351715987636
68,poisson,2026-03-16,0,0.340412086327209
68,poisson,2026-03-23,0,0.343439901369089
68,poisson,2026-03-30,0,0.346494647487438
68,poisson,2026-04-06,0,0.30879344144929394
68,poisson,2026-04-13,0,0.3115400226207843
68,poisson,2026-04-20,0,0.31431103341777505
68,poisson,2026-04-27,0,0.31710669113098683
68,poisson,2026-05-04,0,0.2826031142789465
68,poisson,2026-05-11,0,0.28511674406667814
68,poisson,2026-05-18,0,0.2876527314803187
68,poisson,2026-05-25,0,0.29021127538106845
69,poisson,2026-01-05,0,0.10985306888179792
69,poisson,2026-01-12,0,0.11071298441212618
69,poisson,2026-01-19,0,0.11157963124934304
69,poisson,2026-01-26,1,0.11245306208524304
69,poisson,2026-02-02,0,0.09858338452100675
69,poisson,2026-02-09,0,0.09976992312457103
69,poisson,2026-02-16,0,0.09590882850004713
69,poisson,2026-02-23,0,0.10112968514648295
69,poisson,2026-03-02,0,0.08987328562665167
69,poisson,2026-03-09,0,0.09057680201320926
69,poisson,2026-03-16,0,0.09128582543450697
69,poisson,2026-03-23,0,0.09200039899889624
69,poisson,2026-03-30,1,0.09272056615217507
69,poisson,2026-04-06,0,0.0812846449575234
69,poisson,2026-04-13,0,0.08226297786410527
69,poisson,2026-04-20,0,0.07907940177542933
69,poisson,2026-04-27,0,0.08338413812569365
69,poisson,2026-05-04,0,0.07410293477773439
69,poisson,2026-05-11,0,0.07468300290971201
69,poisson,2026-05-18,0,0.07526761173955467
69,poisson,2026-05-25,0,0.07585679681125441
70,poisson,2026-01-05,0,0.14790496367329117
70,poisson,2026-01-12,0,0.14576503765828622
70,poisson,2026-01-19,0,0.14365607262820002
70,poisson,2026-01-26,0,0.14157762063175744
70,poisson,2026-02-02,0,0.12819182980664404
70,poisson,2026-02-09,0,0.12633711834394915
70,poisson,2026-02-16,0,0.12450924131067961
70,poisson,2026-02-23,0,0.12270781045959746
70,poisson,2026-03-02,0,0.1111061104445077
70,poisson,2026-03-09,0,0.10949859944378562
70,poisson,2026-03-16,0,0.10791434631436432
70,poisson,2026-03-23,0,0.10635301455554341
70,poisson,2026-03-30,0,0.104814272535199
70,poisson,2026-04-06,0,0.09490435936260902
70,poisson,2026-04-13,0,0.09353125934964374
70,poisson,2026-04-20,0,0.09217802569116704
70,poisson,2026-04-27,0,0.0908443709557922
70,poisson,2026-05-04,0,0.08225527515218277
70,poisson,2026-05-11,0,0.08106518525392649
70,poisson,2026-05-18,0,0.0798923138740365
70,poisson,2026-05-25,0,0.0787364118906816
72,poisson,2026-01-05,0,0.09717294792772037
72,poisson,2026-01-12,0,0.09317986691274284
72,poisson,2026-01-19,0,0.0893508716472687
72,poisson,2026-01-26,0,0.08567921943484649
72,poisson,2026-02-02,0,0.09301341267510914
72,poisson,2026-02-09,0,0.08919125743322523
72,poisson,2026-02-16,0,0.08552616417060756
72,poisson,2026-02-23,0,0.08201167881520258
72,poisson,2026-03-02,0,0.08903192835011398
72,poisson,2026-03-09,0,0.08537338232055318
72,poisson,2026-03-16,0,0.08186517515591935
72,poisson,2026-03-23,0,0.0785011290538492
72,poisson,2026-03-30,0,0.07527532007342817
72,poisson,2026-04-06,0,0.08171893320719356
72,poisson,2026-04-13,0,0.07836089655488804
72,poisson,2026-04-20,0,0.07514085008081496
72,poisson,2026-04-27,0,0.07205312342122906
72,poisson,2026-05-04,0,0.0782209145638368
72,poisson,2026-05-11,0,0.07500662030211117
72,poisson,2026-05-18,0,0.07192440948198899
72,poisson,2026-05-25,0,0.06896885446240034
73,poisson,2026-01-05,0,0.09055218290081023
73,poisson,2026-01-12,0,0.09041419449195663
73,poisson,2026-01-19,0,0.09027641635744832
73,poisson,2026-01-26,0,0.09013884817685774
73,poisson,2026-02-02,1,0.0843570070062645
73,poisson,2026-02-09,0,0.0846283233390667
73,poisson,2026-02-16,0,0.08472007687556998
73,poisson,2026-02-23,0,0.08459453081309115
73,poisson,2026-03-02,0,0.07869859328321706
73,poisson,2026-03-09,0,0.07846592418714303
73,poisson,2026-03-16,1,0.07834635348568715
73,poisson,2026-03-23,0,0.0785983378325782
73,poisson,2026-03-30,1,0.07868355369382746
73,poisson,2026-04-06,0,0.0739891872813651
73,poisson,2026-04-13,0,0.07362992983014778
73,poisson,2026-04-20,0,0.07341533128426482
73,poisson,2026-04-27,0,0.07286852546251656
73,poisson,2026-05-04,0,0.06809662236265575
73,poisson,2026-05-11,0,0.06799285297502626
73,poisson,2026-05-18,0,0.06788924171691095
73,poisson,2026-05-25,0,0.06778578834734332
74,poisson,2026-01-05,0,0.14119009302751528
74,poisson,2026-01-12,1,0.14497280496763068
74,poisson,2026-01-19,0,0.13540663137606831
74,poisson,2026-01-26,1,0.14939891439693184
74,poisson,2026-02-02,1,0.1269818860867183
74,poisson,2026-02-09,0,0.13619301131188238
74,poisson,2026-02-16,0,0.13960417395098934
74,poisson,2026-02-23,1,0.1340247078788008
74,poisson,2026-03-02,0,0.12474989023061274
74,poisson,2026-03-09,0,0.13676645944478877
74,poisson,2026-03-16,0,0.12741861345346442
74,poisson,2026-03-23,0,0.13083236508552434
74,poisson,2026-03-30,0,0.12953771696736746
74,poisson,2026-04-06,0,0.12482859313011936
74,poisson,2026-04-13,0,0.12438362163124543
74,poisson,2026-04-20,0,0.12394023630449637
74,poisson,2026-04-27,0,0.12349843149570777
74,poisson,2026-05-04,0,0.11900885563136172
74,poisson,2026-05-11,0,0.11858462951824383
74,poisson,2026-05-18,0,0.11816191562700307
74,poisson,2026-05-25,0,0.11774070856708246
75,poisson,2026-01-05,0,0.17961766574220822
75,poisson,2026-01-12,0,0.1808881524121976
75,poisson,2026-01-19,0,0.1821676255945768
75,poisson,2026-01-26,0,0.18345614885349557
75,poisson,2026-02-02,0,0.17395021028386706
75,poisson,2026-02-09,0,0.17518060943472064
75,poisson,2026-02-16,0,0.17641971154757663
75,poisson,2026-02-23,0,0.17766757818095255
75,poisson,2026-03-02,0,0.16846157939291778
75,poisson,2026-03-09,0,0.169653155901496
75,poisson,2026-03-16,0,0.17085316076852192
75,poisson,2026-03-23,0,0.17206165361016423
75,poisson,2026-03-30,0,0.1732786944642737
75,poisson,2026-04-06,0,0.1643001094710925
75,poisson,2026-04-13,0,0.16546225072316967
75,poisson,2026-04-20,0,0.16663261212978064
75,poisson,2026-04-27,0,0.16781125183440881
75,poisson,2026-05-04,0,0.15911596709634182
75,poisson,2026-05-11,0,0.16024143943973881
75,poisson,2026-05-18,0,0.16137487256808317
75,poisson,2026-05-25,0,0.16251632279026365
77,poisson,2026-01-05,0,0.05631530045485779
77,poisson,2026-01-12,0,0.05657184592928884
77,poisson,2026-01-19,0,0.056829560101745474
77,poisson,2026-01-26,0,0.05708844829625483
77,poisson,2026-02-02,0,0.055667080818398336
77,poisson,2026-02-09,0,0.05592067331534675
77,poisson,2026-02-16,0,0.0561754210579729
77,poisson,2026-02-23,0,0.056431329309021554
77,poisson,2026-03-02,0,0.05502632254135091
77,poisson,2026-03-09,0,0.05527699605118831
77,poisson,2026-03-16,0,0.055528811509199465
77,poisson,2026-03-23,0,0.055781774117552044
77,poisson,2026-03-30,0,0.056035889102112296
77,poisson,2026-04-06,0,0.054640727861274344
77,poisson,2026-04-13,0,0.05488964478685597
77,poisson,2026-04-20,0,0.055139695658456736
77,poisson,2026-04-27,0,0.055390885641790344
77,poisson,2026-05-04,0,0.054011783463143885
77,poisson,2026-05-11,0,0.05425783521997553
77,poisson,2026-05-18,0,0.05450500787049292
77,poisson,2026-05-25,0,0.054753306520949604
78,poisson,2026-01-05,0,0.20398338434423519
78,poisson,2026-01-12,0,0.15571042799254192
78,poisson,2026-01-19,0,0.17522630620836044
78,poisson,2026-01-26,0,0.15976289904910923
78,poisson,2026-02-02,0,0.16272443174832654
78,poisson,2026-02-09,0,0.1555523909725035
78,poisson,2026-02-16,0,0.14869645619463912
78,poisson,2026-02-23,0,0.14214269511776687
78,poisson,2026-03-02,0,0.14472316056632187
78,poisson,2026-03-09,0,0.13834452155289464
78,poisson,2026-03-16,0,0.13224701954272527
78,poisson,2026-03-23,0,0.1264182634890035
78,poisson,2026-03-30,0,0.12084640847737153
78,poisson,2026-04-06,0,0.12304026009527884
78,poisson,2026-04-13,0,0.11761728978289188
78,poisson,2026-04-20,0,0.11243333560218617
78,poisson,2026-04-27,0,0.10747786297378673
78,poisson,2026-05-04,0,0.10942902136190233
78,poisson,2026-05-11,0,0.10460596317184633
78,poisson,2026-05-18,0,0.09999548012881401
78,poisson,2026-05-25,0,0.09558820303356472
79,poisson,2026-01-05,0,0.14931285823375054
79,poisson,2026-01-12,0,0.15278528581627188
79,poisson,2026-01-19,0,0.1563384683549202
79,poisson,2026-01-26,0,0.15997428389114746
79,poisson,2026-02-02,0,0.14935928970601114
79,poisson,2026-02-09,1,0.15283279710126185
79,poisson,2026-02-16,0,0.17654359784077472
79,poisson,2026-02-23,0,0.1509349901357502
79,poisson,2026-03-02,0,0.14162314964511316
79,poisson,2026-03-09,0,0.1536992503691943
79,poisson,2026-03-16,0,0.1564357158927903
79,poisson,2026-03-23,0,0.16007379302280675
79,poisson,2026-03-30,0,0.16379647746342627
79,poisson,2026-04-06,0,0.1529278639992575
79,poisson,2026-04-13,0,0.15648436234353114
79,poisson,2026-04-20,0,0.16012357079793146
79,poisson,2026-04-27,0,0.16384741287307344
79,poisson,2026-05-04,0,0.15297541962145342
79,poisson,2026-05-11,0,0.15653302392174565
79,poisson,2026-05-18,0,0.16017336405233515
79,poisson,2026-05-25,0,0.16389836412198655
80,poisson,2026-01-05,0,0.15786257026650272
80,poisson,2026-01-12,0,0.1594732091513394
80,poisson,2026-01-19,1,0.16110028104884627
80,poisson,2026-01-26,0,0.1842806854592066
80,poisson,2026-02-02,0,0.11460258978974464
80,poisson,2026-02-09,0,0.1429136760765178
80,poisson,2026-02-16,0,0.15338675433962695
80,poisson,2026-02-23,1,0.15711290666833347
80,poisson,2026-03-02,0,0.166597365097128
80,poisson,2026-03-09,0,0.11176607437528989
80,poisson,2026-03-16,0,0.13937643624737295
80,poisson,2026-03-23,0,0.14959029656449496
80,poisson,2026-03-30,0,0.153224223328872
80,poisson,2026-04-06,2,0.1434857383741168
80,poisson,2026-04-13,0,0.18585198953386903
80,poisson,2026-04-20,0,0.08280229766204635
80,poisson,2026-04-27,0,0.12746546682756837
80,poisson,2026-05-04,0,0.1347363739982119
80,poisson,2026-05-11,0,0.139934339497361
80,poisson,2026-05-18,0,0.14136206038229207
80,poisson,2026-05-25,0,0.14280434800568478
81,poisson,2026-01-05,3,0.2632647479820948
81,poisson,2026-01-12,0,0.16985382431097798
81,poisson,2026-01-19,1,0.1744188585591932
81,poisson,2026-01-26,1,0.2579736095763877
81,poisson,2026-02-02,1,0.20190286780313163
81,poisson,2026-02-09,0,0.20456642547193668
81,poisson,2026-02-16,0,0.24405953010141046
81,poisson,2026-02-23,0,0.28714607997586716
81,poisson,2026-03-02,0,0.26736028137700285
81,poisson,2026-03-09,0,0.2687106703437206
81,poisson,2026-03-16,0,0.27282824607165623
81,poisson,2026-03-23,0,0.2770089172838672
81,poisson,2026-03-30,0,0.2812536508211352
81,poisson,2026-04-06,0,0.2694193626426281
81,poisson,2026-04-13,0,0.2735477979847533
81,poisson,2026-04-20,0,0.27773949521795765
81,poisson,2026-04-27,0,0.28199542373294995
81,poisson,2026-05-04,1,0.2701299240328296
81,poisson,2026-05-11,1,0.2357960445693917
81,poisson,2026-05-18,0,0.20660376523589868
81,poisson,2026-05-25,0,0.25102668352529683
82,poisson,2026-01-05,0,0.18924017300998766
82,poisson,2026-01-12,0,0.18711644162786753
82,poisson,2026-01-19,0,0.1850165436364681
82,poisson,2026-01-26,0,0.18294021156763496
82,poisson,2026-02-02,0,0.17567408259495554
82,poisson,2026-02-09,0,0.1737025954825844
82,poisson,2026-02-16,0,0.1717532332128584
82,poisson,2026-02-23,0,0.16982574749165535
82,poisson,2026-03-02,0,0.16308050666361662
82,poisson,2026-03-09,0,0.16125034986178735
82,poisson,2026-03-16,0,0.1594407318354856
82,poisson,2026-03-23,0,0.15765142209008945
82,poisson,2026-03-30,0,0.15588219271768278
82,poisson,2026-04-06,0,0.14969077035556314
82,poisson,2026-04-13,0,0.14801087870485602
82,poisson,2026-04-20,0,0.14634983949208755
82,poisson,2026-04-27,0,0.14470744114741263
82,poisson,2026-05-04,0,0.13895986426601836
82,poisson,2026-05-11,0,0.13740039927556244
82,poisson,2026-05-18,0,0.1358584352453248
82,poisson,2026-05-25,0,0.13433377577230152
83,poisson,2026-01-05,1,0.08485812368177979
83,poisson,2026-01-12,0,0.0877724874477253
83,poisson,2026-01-19,0,0.091805406079393
83,poisson,2026-01-26,0,0.08887267601983355
83,poisson,2026-02-02,0,0.09207230944947599
83,poisson,2026-02-09,0,0.09386953562006951
83,poisson,2026-02-16,0,0.09532707781394478
83,poisson,2026-02-23,0,0.0968072517299532
83,poisson,2026-03-02,0,0.09832721656269663
83,poisson,2026-03-09,0,0.09985397458913985
83,poisson,2026-03-16,0,0.10140443907400624
83,poisson,2026-03-23,0,0.10297897811503047
83,poisson,2026-03-30,0,0.10457796552551814
83,poisson,2026-04-06,0,0.10621993786785926
83,poisson,2026-04-13,0,0.10786924869325668
83,poisson,2026-04-20,0,0.10954416889344173
83,poisson,2026-04-27,0,0.11124509611333791
83,poisson,2026-05-04,0,0.11299174867175481
83,poisson,2026-05-11,0,0.11474620756154201
83,poisson,2026-05-18,0,0.11652790849362119
83,poisson,2026-05-25,0,0.11833727446386441
84,poisson,2026-01-05,0,0.2393975659719286
84,poisson,2026-01-12,1,0.23641242222682057
84,poisson,2026-01-19,0,0.2606958499625246
84,poisson,2026-01-26,0,0.22288590668085229
84,poisson,2026-02-02,0,0.2543890567506932
84,poisson,2026-02-09,0,0.21452086381514512
84,poisson,2026-02-16,0,0.20991480792591755
84,poisson,2026-02-23,0,0.20729729645147305
84,poisson,2026-03-02,0,0.19353707472707649
84,poisson,2026-03-09,0,0.19112378374091926
84,poisson,2026-03-16,0,0.18874058504272329
84,poisson,2026-03-23,0,0.18638710339974623
84,poisson,2026-03-30,0,0.1840629682581726
84,poisson,2026-04-06,0,0.17184502186987552
84,poisson,2026-04-13,0,0.16970221774369254
84,poisson,2026-04-20,0,0.16758613309691736
84,poisson,2026-04-27,0,0.16549643475370293
84,poisson,2026-05-04,0,0.1545109193813827
84,poisson,2026-05-11,0,0.1525842610936526
84,poisson,2026-05-18,0,0.1506816270766507
84,poisson,2026-05-25,0,0.14880271776216206
85,poisson,2026-01-05,0,0.07161184425973485
85,poisson,2026-01-12,0,0.07251463415885427
85,poisson,2026-01-19,0,0.07342880527026308
85,poisson,2026-01-26,0,0.07435450107362719
85,poisson,2026-02-02,0,0.07373681623522617
85,poisson,2026-02-09,0,0.07466639504413022
85,poisson,2026-02-16,0,0.07560769278539511
85,poisson,2026-02-23,0,0.07656085719622649
85,poisson,2026-03-02,0,0.07592484350475855
85,poisson,2026-03-09,0,0.07688200614338171
85,poisson,2026-03-16,0,0.07785123545576393
85,poisson,2026-03-23,0,0.07883268356298646
85,poisson,2026-03-30,0,0.07982650450387735
85,poisson,2026-04-06,0,0.07916336211407407
85,poisson,2026-04-13,0,0.0801613518242358
85,poisson,2026-04-20,0,0.08117192290329078
85,poisson,2026-04-27,0,0.08219523396093377
85,poisson,2026-05-04,0,0.08151241383473563
85,poisson,2026-05-11,0,0.08254001736350298
85,poisson,2026-05-18,0,0.08358057559404714
85,poisson,2026-05-25,0,0.0846342518425629
86,poisson,2026-01-05,0,0.08145862117053897
86,poisson,2026-01-12,0,0.08789572951276048
86,poisson,2026-01-19,0,0.08970673159051369
86,poisson,2026-01-26,0,0.09200504663916118
86,poisson,2026-02-02,0,0.08731860749118839
86,poisson,2026-02-09,0,0.08955573803942883
86,poisson,2026-02-16,0,0.091850184585183
86,poisson,2026-02-23,0,0.09420341558257114
86,poisson,2026-03-02,0,0.08940499863930969
86,poisson,2026-03-09,0,0.09169558319359927
86,poisson,2026-03-16,0,0.09404485325407087
86,poisson,2026-03-23,0,0.09645431236209318
86,poisson,2026-03-30,0,0.09892550258024382
86,poisson,2026-04-06,0,0.09388655781623338
86,poisson,2026-04-13,0,0.096291961344697
86,poisson,2026-04-20,0,0.09875899207804836
86,poisson,2026-04-27,0,0.10128922892491436
86,poisson,2026-05-04,0,0.09612988359505013
86,poisson,2026-05-11,0,0.09859276184480906
86,poisson,2026-05-18,0,0.10111873982012974
86,poisson,2026-05-25,0,0.103709434156088
87,poisson,2026-01-05,0,0.10379544758056511
87,poisson,2026-01-12,0,0.10197736733840654
87,poisson,2026-01-19,0,0.1001911325754474
87,poisson,2026-01-26,0,0.098436185486525
87,poisson,2026-02-02,0,0.08619049392833433
87,poisson,2026-02-09,0,0.08468078191566285
87,poisson,2026-02-16,0,0.08319751400671235
87,poisson,2026-02-23,0,0.08174022700677039
87,poisson,2026-03-02,0,0.07157155170841252
87,poisson,2026-03-09,0,0.07031790497250252
87,poisson,2026-03-16,0,0.06908621710294291
87,poisson,2026-03-23,0,0.06787610346840373
87,poisson,2026-03-30,0,0.0666871861747543
87,poisson,2026-04-06,0,0.058391144340712825
87,poisson,2026-04-13,0,0.057368365516425
87,poisson,2026-04-20,0,0.0563635016779663
87,poisson,2026-04-27,0,0.05537623902658611
87,poisson,2026-05-04,0,0.04848730545586132
87,poisson,2026-05-11,0,0.04763800219546173
87,poisson,2026-05-18,0,0.0468035753242808
87,poisson,2026-05-25,0,0.04598376426760214
88,poisson,2026-01-05,0,0.0661326073786343
88,poisson,2026-01-12,0,0.06650474960266
88,poisson,2026-01-19,0,0.06687898594999932
88,poisson,2026-01-26,0,0.06725532820472882
88,poisson,2026-02-02,0,0.06441255955893177
88,poisson,2026-02-09,0,0.06477502270864864
88,poisson,2026-02-16,0,0.06513952551547278
88,poisson,2026-02-23,0,0.06550607945698785
88,poisson,2026-03-02,0,0.06273724858870994
88,poisson,2026-03-09,0,0.06309028440786922
88,poisson,2026-03-16,0,0.06344530683454498
88,poisson,2026-03-23,0,0.06380232704779953
88,poisson,2026-03-30,0,0.06416135628960218
88,poisson,2026-04-06,0,0.061449364588711634
88,poisson,2026-04-13,0,0.06179515321113932
88,poisson,2026-04-20,0,0.06214288765956864
88,poisson,2026-04-27,0,0.062492578883575664
88,poisson,2026-05-04,0,0.0598511235730842
88,poisson,2026-05-11,0,0.0601879185539535
88,poisson,2026-05-18,0,0.06052660875169371
88,poisson,2026-05-25,0,0.06086720483109259
89,poisson,2026-01-05,0,0.08832198457532303
89,poisson,2026-01-12,0,0.1368425251074604
89,poisson,2026-01-19,0,0.10135801557401639
89,poisson,2026-01-26,0,0.10597351427119049
89,poisson,2026-02-02,0,0.11719755547815726
89,poisson,2026-02-09,0,0.11511371808314558
89,poisson,2026-02-16,0,0.11306693247023918
89,poisson,2026-02-23,0,0.11105653983824736
89,poisson,2026-03-02,0,0.12188547276761073
89,poisson,2026-03-09,0,0.11971828160883984
89,poisson,2026-03-16,0,0.11758962430822292
89,poisson,2026-03-23,0,0.11549881571243682
89,poisson,2026-03-30,0,0.11344518285056372
89,poisson,2026-04-06,0,0.12450702826765855
89,poisson,2026-04-13,0,0.12229322440129481
89,poisson,2026-04-20,0,0.12011878319282208
89,poisson,2026-04-27,0,0.11798300475239933
89,poisson,2026-05-04,0,0.12948732540861055
89,poisson,2026-05-11,0,0.12718496910292124
89,poisson,2026-05-18,0,0.12492354996650022
89,poisson,2026-05-25,0,0.1227023401138227
90,poisson,2026-01-05,0,0.21743889571836233
90,poisson,2026-01-12,0,0.2202511240569875
90,poisson,2026-01-19,0,0.22309972412295442
90,poisson,2026-01-26,0,0.2259851663270515
90,poisson,2026-02-02,0,0.22005108059540499
90,poisson,2026-02-09,0,0.22289709341547115
90,poisson,2026-02-16,0,0.22577991491173224
90,poisson,2026-02-23,0,0.2287000211462192
90,poisson,2026-03-02,0,0.2226946467476759
90,poisson,2026-03-09,0,0.22557484991636337
90,poisson,2026-03-16,0,0.22849230395934922
90,poisson,2026-03-23,1,0.2314474906577977
90,poisson,2026-03-30,1,0.25054961469989606
90,poisson,2026-04-06,0,0.21224083289558085
90,poisson,2026-04-13,0,0.2178729648934596
90,poisson,2026-04-20,0,0.25300918644984927
90,poisson,2026-04-27,0,0.2366264697352495
90,poisson,2026-05-04,0,0.23102725642219288
90,poisson,2026-05-11,0,0.2340152287229115
90,poisson,2026-05-18,0,0.23704184572126505
90,poisson,2026-05-25,0,0.240107607225319
91,poisson,2026-01-05,0,0.24638972061488065
91,poisson,2026-01-12,0,0.2477639686541802
91,poisson,2026-01-19,0,0.24914588161419488
91,poisson,2026-01-26,1,0.25053550224631144
91,poisson,2026-02-02,0,0.24839576692087786
91,poisson,2026-02-09,0,0.300345347633978
91,poisson,2026-02-16,0,0.2696376993410797
91,poisson,2026-02-23,0,0.24761048695239574
91,poisson,2026-03-02,3,0.23030955024860927
91,poisson,2026-03-09,0,0.2625779684674327
91,poisson,2026-03-16,0,0.4590471677693115
91,poisson,2026-03-23,0,0.3284772499609792
91,poisson,2026-03-30,0,0.25155875260301297
91,poisson,2026-04-06,0,0.22390933085949954
91,poisson,2026-04-13,2,0.22515819366979314
91,poisson,2026-04-20,0,0.24618249467412504
91,poisson,2026-04-27,0,0.3579274791428363
91,poisson,2026-05-04,0,0.27125722308955946
91,poisson,2026-05-11,0,0.22747967043100245
91,poisson,2026-05-18,0,0.21890112862326436
91,poisson,2026-05-25,0,0.22012205799507528
93,poisson,2026-01-05,0,0.2747460947511203
93,poisson,2026-01-12,0,0.27509895760606
93,poisson,2026-01-19,0,0.2754522736510423
93,poisson,2026-01-26,0,0.27580604346810994
93,poisson,2026-02-02,0,0.2629173858179837
93,poisson,2026-02-09,0,0.2632550567845431
93,poisson,2026-02-16,0,0.26359316142984646
93,poisson,2026-02-23,0,0.2639317003108776
93,poisson,2026-03-02,0,0.25159794110260286
93,poisson,2026-03-09,0,0.2519210742407639
93,poisson,2026-03-16,0,0.25224462238639483
93,poisson,2026-03-23,0,0.2525685860724996
93,poisson,2026-03-30,0,0.2528929658327665
93,poisson,2026-04-06,0,0.24107505634188736
93,poisson,2026-04-13,0,0.2413846746922869
93,poisson,2026-04-20,0,0.2416946906927974
93,poisson,2026-04-27,0,0.24200510485413015
93,poisson,2026-05-04,0,0.23069599463005183
93,poisson,2026-05-11,0,0.23099228290800558
93,poisson,2026-05-18,0,0.2312889517159455
93,poisson,2026-05-25,0,0.2315860015425952
94,poisson,2026-01-05,0,0.16079469528320067
94,poisson,2026-01-12,0,0.16071829163968648
94,poisson,2026-01-19,0,0.16064192430033475
94,poisson,2026-01-26,0,0.16056559324789513
94,poisson,2026-02-02,0,0.1512854952576911
94,poisson,2026-02-09,0,0.1512136100314517
94,poisson,2026-02-16,0,0.15114175896239126
94,poisson,2026-02-23,0,0.15106994203427976
94,poisson,2026-03-02,0,0.14233865759722036
94,poisson,2026-03-09,0,0.14227102357462906
94,poisson,2026-03-16,0,0.14220342168920336
94,poisson,2026-03-23,0,0.14213585192567288
94,poisson,2026-03-30,0,0.14206831426877453
94,poisson,2026-04-06,0,0.13385729065500532
94,poisson,2026-04-13,0,0.1337936866617332
94,poisson,2026-04-20,0,0.1337301128907071
94,poisson,2026-04-27,0,0.13366656932756643
94,poisson,2026-05-04,0,0.1259411355264462
94,poisson,2026-05-11,0,0.12588129299491496
94,poisson,2026-05-18,0,0.12582147889832337
94,poisson,2026-05-25,0,0.12576169322316008
97,poisson,2026-01-05,0,0.07637029915013813
97,poisson,2026-01-12,0,0.07819873522228685
97,poisson,2026-01-19,0,0.08007094719301315
97,poisson,2026-01-26,0,0.08198798313248226
97,poisson,2026-02-02,0,0.07807037769431928
97,poisson,2026-02-09,0,0.07993951656546526
97,poisson,2026-02-16,0,0.08185340583007425
97,poisson,2026-02-23,0,0.0838131168893921
97,poisson,2026-03-02,0,0.07980830167171922
97,poisson,2026-03-09,0,0.08171904942650572
97,poisson,2026-03-16,0,0.08367554376286261
97,poisson,2026-03-23,0,0.08567887993248925
97,poisson,2026-03-30,0,0.08773017940929087
97,poisson,2026-04-06,0,0.0835381964525997
97,poisson,2026-04-13,0,0.08553824429182441
97,poisson,2026-04-20,0,0.08758617670994903
97,poisson,2026-04-27,0,0.08968314014599932
97,poisson,2026-05-04,0,0.08539783949432005
97,poisson,2026-05-11,0,0.08744241038054916
97,poisson,2026-05-18,0,0.08953593180385944
97,poisson,2026-05-25,0,0.09167957572414558
98,poisson,2026-01-05,1,0.04302969086341093
98,poisson,2026-01-12,0,0.03807257536769172
98,poisson,2026-01-19,0,0.04576882994039231
98,poisson,2026-01-26,0,0.045276263981905096
98,poisson,2026-02-02,0,0.040361455493662796
98,poisson,2026-02-09,0,0.041335515365553445
98,poisson,2026-02-16,0,0.04253137245108257
98,poisson,2026-02-23,0,0.04376182627881662
98,poisson,2026-03-02,0,0.04315896768305776
98,poisson,2026-03-09,0,0.04440757815401652
98,poisson,2026-03-16,0,0.04569231154894409
98,poisson,2026-03-23,0,0.0470142129220559
98,poisson,2026-03-30,0,0.04837435756150721
98,poisson,2026-04-06,0,0.047707957190451775
98,poisson,2026-04-13,0,0.04908817219775914
98,poisson,2026-04-20,0,0.05050831751394125
98,poisson,2026-04-27,0,0.05196954834275862
98,poisson,2026-05-04,0,0.05125362097865537
98,poisson,2026-05-11,0,0.052736413808605796
98,poisson,2026-05-18,0,0.054262104575025324
98,poisson,2026-05-25,0,0.05583193433662159
99,poisson,2026-01-05,0,0.14767722330058855
99,poisson,2026-01-12,0,0.1453748344776086
99,poisson,2026-01-19,0,0.14310834146966167
99,poisson,2026-01-26,0,0.14087718463646282
99,poisson,2026-02-02,0,0.1314632426670339
99,poisson,2026-02-09,0,0.12941364088156973
99,poisson,2026-02-16,0,0.12739599378848765
99,poisson,2026-02-23,0,0.12540980319229794
99,poisson,2026-03-02,1,0.11702944967589032
99,poisson,2026-03-09,0,0.13808906788559003
99,poisson,2026-03-16,0,0.10795918475805949
99,poisson,2026-03-23,0,0.10949842786577749
99,poisson,2026-03-30,0,0.11040529159116418
99,poisson,2026-04-06,0,0.1025561480262681
99,poisson,2026-04-13,0,0.10095722759923019
99,poisson,2026-04-20,0,0.09938323543423408
99,poisson,2026-04-27,0,0.09783378288264041
99,poisson,2026-05-04,0,0.09129616249305388
99,poisson,2026-05-11,0,0.08987279293472251
99,poisson,2026-05-18,0,0.08847161468043127
99,poisson,2026-05-25,0,0.08709228175258633
100,poisson,2026-01-05,2,0.3925650622258508
100,poisson,2026-01-12,0,0.4177899613961
100,poisson,2026-01-19,1,0.5871325614973789
100,poisson,2026-01-26,0,0.409905910892041
100,poisson,2026-02-02,1,0.4618805238580559
100,poisson,2026-02-09,0,0.381814443767527
100,poisson,2026-02-16,0,0.4551099584385966
100,poisson,2026-02-23,1,0.3989752965758523
100,poisson,2026-03-02,0,0.35670123689569994
100,poisson,2026-03-09,2,0.44737741913694345
100,poisson,2026-03-16,1,0.3530845329759585
100,poisson,2026-03-23,0,0.5045523831050293
100,poisson,2026-03-30,0,0.4956152381610976
100,poisson,2026-04-06,1,0.3919644148210025
100,poisson,2026-04-13,0,0.3465238371289545
100,poisson,2026-04-20,0,0.43461284651926335
100,poisson,2026-04-27,1,0.382585516467237
100,poisson,2026-05-04,1,0.34204806190625514
100,poisson,2026-05-11,0,0.4062056057837099
100,poisson,2026-05-18,2,0.4527371443853283
100,poisson,2026-05-25,0,0.3381808439626921
101,poisson,2026-01-05,0,0.1090168361732794
101,poisson,2026-01-12,0,0.10734929004306014
101,poisson,2026-01-19,0,0.10570725107479874
101,poisson,2026-01-26,0,0.10409032910518923
101,poisson,2026-02-02,0,0.09184525523847972
101,poisson,2026-02-09,0,0.0904403694857095
101,poisson,2026-02-16,0,0.08905697318248362
101,poisson,2026-02-23,0,0.08769473762133193
101,poisson,2026-03-02,0,0.07737842342455623
101,poisson,2026-03-09,1,0.0761948255962447
101,poisson,2026-03-16,0,0.06980083840520775
101,poisson,2026-03-23,0,0.07861050007528313
101,poisson,2026-03-30,0,0.07426311643023081
101,poisson,2026-04-06,0,0.06413797090101007
101,poisson,2026-04-13,0,0.06321122884973805
101,poisson,2026-04-20,0,0.06224433562705049
101,poisson,2026-04-27,0,0.0612922322213162
101,poisson,2026-05-04,0,0.05408188023705952
101,poisson,2026-05-11,0,0.0532546315911628
101,poisson,2026-05-18,0,0.052440036727256244
101,poisson,2026-05-25,0,0.051637902090234694
108,poisson,2026-01-05,0,0.07245440228700925
108,poisson,2026-01-12,0,0.0626511984914913
108,poisson,2026-01-19,2,0.06649515225288741
108,poisson,2026-01-26,0,0.06465230043864723
108,poisson,2026-02-02,0,0.07041556067464028
108,poisson,2026-02-09,0,0.07473589557378602
108,poisson,2026-02-16,0,0.07722980880321545
108,poisson,2026-02-23,2,0.07644538676210548
108,poisson,2026-03-02,0,0.08601734989683531
108,poisson,2026-03-09,0,0.07437905623389464
108,poisson,2026-03-16,0,0.07894257073742328
108,poisson,2026-03-23,0,0.0815768593883548
108,poisson,2026-03-30,0,0.08074828441788189
108,poisson,2026-04-06,0,0.09656723555436049
108,poisson,2026-04-13,0,0.09361623709942157
108,poisson,2026-04-20,0,0.0907554182155459
108,poisson,2026-04-27,0,0.08798202310493776
108,poisson,2026-05-04,0,0.10521809609916878
108,poisson,2026-05-11,0,0.10200273596964045
108,poisson,2026-05-18,0,0.09888563404042036
108,poisson,2026-05-25,0,0.09586378763885632
109,poisson,2026-01-05,0,0.03986231572134695
109,poisson,2026-01-12,0,0.04034329522388874
109,poisson,2026-01-19,0,0.040830078234773685
109,poisson,2026-01-26,1,0.04132273477925004
109,poisson,2026-02-02,0,0.041235675856325725
109,poisson,2026-02-09,0,0.04758537293732876
109,poisson,2026-02-16,0,0.04835231980988734
109,poisson,2026-02-23,0,0.044077097899543255
109,poisson,2026-03-02,1,0.04458594951783112
109,poisson,2026-03-09,0,0.04413668472541607
109,poisson,2026-03-16,0,0.05093309517210294
109,poisson,2026-03-23,1,0.051753998227825976
109,poisson,2026-03-30,0,0.04614582645787575
109,poisson,2026-04-06,0,0.05322417920729911
109,poisson,2026-04-13,0,0.05408200831039971
109,poisson,2026-04-20,0,0.04930017803228444
109,poisson,2026-04-27,0,0.0494710516548157
109,poisson,2026-05-04,0,0.05047105223404818
109,poisson,2026-05-11,0,0.05108003696453873
109,poisson,2026-05-18,0,0.05169636971702517
109,poisson,2026-05-25,0,0.052320139152888516
110,poisson,2026-01-05,0,0.1557058869596035
110,poisson,2026-01-12,0,0.15730030891372077
110,poisson,2026-01-19,0,0.15891105768384614
110,poisson,2026-01-26,0,0.16053830045591197
110,poisson,2026-02-02,0,0.14552083608024086
110,poisson,2026-02-09,0,0.1470109635273041
110,poisson,2026-02-16,0,0.1485163498188621
110,poisson,2026-02-23,0,0.15003715120486225
110,poisson,2026-03-02,0,0.1360020108872719
110,poisson,2026-03-09,0,0.13739466595123243
110,poisson,2026-03-16,0,0.1388015817464463
110,poisson,2026-03-23,0,0.14022290430222192
110,poisson,2026-03-30,0,0.14165878114320196
110,poisson,2026-04-06,0,0.12840739070691626
110,poisson,2026-04-13,0,0.1297222771688978
110,poisson,2026-04-20,0,0.1310506280148092
110,poisson,2026-04-27,0,0.13239258111939464
110,poisson,2026-05-04,0,0.1200079921152917
110,poisson,2026-05-11,0,0.12123686907707154
110,poisson,2026-05-18,0,0.1224783296889948
110,poisson,2026-05-25,0,0.12373250280712751
111,poisson,2026-01-05,0,0.11330482459540592
111,poisson,2026-01-12,0,0.11370591613432335
111,poisson,2026-01-19,0,0.11410842751059685
111,poisson,2026-01-26,0,0.1145123637503563
111,poisson,2026-02-02,0,0.1062068280372104
111,poisson,2026-02-09,0,0.10658279314066554
111,poisson,2026-02-16,0,0.10696008913556743
111,poisson,2026-02-23,0,0.10733872073318317
111,poisson,2026-03-02,0,0.09955348646453785
111,poisson,2026-03-09,0,0.09990589918158886
111,poisson,2026-03-16,0,0.10025955941620603
111,poisson,2026-03-23,0,0.10061447158451858
111,poisson,2026-03-30,0,0.10097064011828845
111,poisson,2026-04-06,0,0.09364728017691232
111,poisson,2026-04-13,0,0.09397878531674828
111,poisson,2026-04-20,0,0.09431146396271843
111,poisson,2026-04-27,0,0.09464532026895635
111,poisson,2026-05-04,0,0.08778073323371141
111,poisson,2026-05-11,0,0.0880914711877723
111,poisson,2026-05-18,0,0.08840330913351178
111,poisson,2026-05-25,0,0.08871625096482715
112,poisson,2026-01-05,0,0.02911138177996376
112,poisson,2026-01-12,0,0.030039171342622312
112,poisson,2026-01-19,0,0.030996529871779425
112,poisson,2026-01-26,0,0.03198439974037716
112,poisson,2026-02-02,0,0.032063070747668454
112,poisson,2026-02-09,0,0.03308493163394709
112,poisson,2026-02-16,0,0.034139359571557906
112,poisson,2026-02-23,0,0.035227392483418496
112,poisson,2026-03-02,0,0.035314040176462974
112,poisson,2026-03-09,0,0.03643951055566625
112,poisson,2026-03-16,0,0.03760085005571027
112,poisson,2026-03-23,0,0.03879920183758234
112,poisson,2026-03-30,0,0.04003574549519626
112,poisson,2026-04-06,0,0.04013422014069003
112,poisson,2026-04-13,0,0.04141331128220367
112,poisson,2026-04-20,0,0.04273316749010116
112,poisson,2026-04-27,0,0.04409508796080665
112,poisson,2026-05-04,0,0.04420354724141323
112,poisson,2026-05-11,0,0.04561232921105834
112,poisson,2026-05-18,0,0.04706600953755153
112,poisson,2026-05-25,0,0.04856601914667917
114,poisson,2026-01-05,0,0.12809992285275656
114,poisson,2026-01-12,0,0.13323449434242107
114,poisson,2026-01-19,0,0.13857487254761944
114,poisson,2026-01-26,0,0.1441293067262001
114,poisson,2026-02-02,0,0.12911436317256014
114,poisson,2026-02-09,0,0.13428959601648646
114,poisson,2026-02-16,0,0.13967226538668875
114,poisson,2026-02-23,0,0.145270685867985
114,poisson,2026-03-02,0,0.13013683698012485
114,poisson,2026-03-09,0,0.13535305318098328
114,poisson,2026-03-16,0,0.14077834862554775
114,poisson,2026-03-23,0,0.1464211037429387
114,poisson,2026-03-30,0,0.15229003487124126
114,poisson,2026-04-06,0,0.13642493200415115
114,poisson,2026-04-13,0,0.1418931910846277
114,poisson,2026-04-20,0,0.14758063192999094
114,poisson,2026-04-27,0,0.15349603990416588
114,poisson,2026-05-04,0,0.13750529917822474
114,poisson,2026-05-11,0,0.14301686212935807
114,poisson,2026-05-18,0,0.14874934257491423
114,poisson,2026-05-25,0,0.15471159545128318
120,poisson,2026-01-05,0,0.019088456065050954
120,poisson,2026-01-12,0,0.01970626612029128
120,poisson,2026-01-19,0,0.02034407199201123
120,poisson,2026-01-26,0,0.02100252085756457
120,poisson,2026-02-02,0,0.021769184166452973
120,poisson,2026-02-09,0,0.02247375769647446
120,poisson,2026-02-16,0,0.02320113519817496
120,poisson,2026-02-23,0,0.02395205473664233
120,poisson,2026-03-02,0,0.02482638604494604
120,poisson,2026-03-09,0,0.025629907863660747
120,poisson,2026-03-16,0,0.026459436178527654
120,poisson,2026-03-23,0,0.027315812706381764
120,poisson,2026-03-30,0,0.028199906406760306
120,poisson,2026-04-06,0,0.029229298721272078
120,poisson,2026-04-13,0,0.030175323616951695
120,poisson,2026-04-20,0,0.03115196721175853
120,poisson,2026-04-27,0,0.032160220499418544
120,poisson,2026-05-04,0,0.03333417772245275
120,poisson,2026-05-11,0,0.034413059645114125
120,poisson,2026-05-18,0,0.03552686026931772
120,poisson,2026-05-25,0,0.03667670976111023
121,poisson,2026-01-05,0,0.07184665529512937
121,poisson,2026-01-12,0,0.08673200071057145
121,poisson,2026-01-19,0,0.0880143468552551
121,poisson,2026-01-26,0,0.09047443884083936
121,poisson,2026-02-02,0,0.08267123275821844
121,poisson,2026-02-09,0,0.08525778418753262
121,poisson,2026-02-16,0,0.0879252615698449
121,poisson,2026-02-23,0,0.09067619685166693
121,poisson,2026-03-02,0,0.08285558961842844
121,poisson,2026-03-09,0,0.08544790905777912
121,poisson,2026-03-16,0,0.08812133491501402
121,poisson,2026-03-23,0,0.09087840478288585
121,poisson,2026-03-30,0,0.09372173564832038
121,poisson,2026-04-06,0,0.08563845790651194
121,poisson,2026-04-13,0,0.08831784550376934
121,poisson,2026-04-20,0,0.09108106363781866
121,poisson,2026-04-27,0,0.09393073513146692
121,poisson,2026-05-04,0,0.08582943167920315
121,poisson,2026-05-11,0,0.08851479431116413
121,poisson,2026-05-18,0,0.09128417442202538
121,poisson,2026-05-25,0,0.09414020068348913
122,poisson,2026-01-05,0,0.07003143863613327
122,poisson,2026-01-12,1,0.07286414317564792
122,poisson,2026-01-19,0,0.12594408094807374
122,poisson,2026-01-26,0,0.06645867805368634
122,poisson,2026-02-02,0,0.07983678864870201
122,poisson,2026-02-09,0,0.07872190458204247
122,poisson,2026-02-16,0,0.07946760144659615
122,poisson,2026-02-23,0,0.0826819897234345
122,poisson,2026-03-02,0,0.07694916381603363
122,poisson,2026-03-09,0,0.0800616837056517
122,poisson,2026-03-16,0,0.08330010204020197
122,poisson,2026-03-23,1,0.08666951129105753
122,poisson,2026-03-30,0,0.1498063583820339
122,poisson,2026-04-06,0,0.07070927022778747
122,poisson,2026-04-13,0,0.09496324465862938
122,poisson,2026-04-20,0,0.09363712658474165
122,poisson,2026-04-27,0,0.09452410857623154
122,poisson,2026-05-04,0,0.0879701993109565
122,poisson,2026-05-11,0,0.09152850951824644
122,poisson,2026-05-18,0,0.09523074996134893
122,poisson,2026-05-25,0,0.0990827424802876
123,poisson,2026-01-05,0,0.15354032298765952
123,poisson,2026-01-12,0,0.15551861783047885
123,poisson,2026-01-19,0,0.15752240207184168
123,poisson,2026-01-26,0,0.15955200413065906
123,poisson,2026-02-02,0,0.14996982180132828
123,poisson,2026-02-09,0,0.15190211241577456
123,poisson,2026-02-16,0,0.15385929968592016
123,poisson,2026-02-23,0,0.15584170439346343
123,poisson,2026-03-02,0,0.14648235078240535
123,poisson,2026-03-09,0,0.1483697069731317
123,poisson,2026-03-16,0,0.15028138086064308
123,poisson,2026-03-23,0,0.15221768576702438
123,poisson,2026-03-30,0,0.15417893905136848
123,poisson,2026-04-06,0,0.144919445800985
123,poisson,2026-04-13,0,0.1467866646961502
123,poisson,2026-04-20,0,0.1486779418285188
123,poisson,2026-04-27,0,0.15059358717716115
123,poisson,2026-05-04,0,0.14154941867660237
123,poisson,2026-05-11,0,0.1433732163573882
123,poisson,2026-05-18,0,0.1452205128134536
123,poisson,2026-05-25,0,0.1470916108154653
125,poisson,2026-01-05,0,0.15821646421565266
125,poisson,2026-01-12,0,0.15435841316194293
125,poisson,2026-01-19,0,0.15059443928286106
125,poisson,2026-01-26,0,0.14692224854065009
125,poisson,2026-02-02,0,0.13291856801089502
125,poisson,2026-02-09,0,0.1296773969740233
125,poisson,2026-02-16,0,0.1265152607164714
125,poisson,2026-02-23,0,0.12343023200383219
125,poisson,2026-03-02,0,0.11166565887849654
125,poisson,2026-03-09,0,0.10894273231687038
125,poisson,2026-03-16,0,0.106286203331137
125,poisson,2026-03-23,0,0.10369445284050796
125,poisson,2026-03-30,0,0.10116590124489218
125,poisson,2026-04-06,0,0.09152342043881975
125,poisson,2026-04-13,0,0.08929165505072574
125,poisson,2026-04-20,0,0.08711431045157966
125,poisson,2026-04-27,0,0.08499005961019554
125,poisson,2026-05-04,0,0.0768893556337197
125,poisson,2026-05-11,0,0.07501443660432333
125,poisson,2026-05-18,0,0.07318523679493885
125,poisson,2026-05-25,1,0.07140064135898057
126,poisson,2026-01-05,0,0.04633653260675294
126,poisson,2026-01-12,0,0.047461987543713106
126,poisson,2026-01-19,0,0.0486147783373693
126,poisson,2026-01-26,0,0.049795568940614446
126,poisson,2026-02-02,0,0.048290084803153895
126,poisson,2026-02-09,0,0.04946298901696672
126,poisson,2026-02-16,0,0.050664381569542796
126,poisson,2026-02-23,0,0.05189495440608617
126,poisson,2026-03-02,0,0.05032599892802397
126,poisson,2026-03-09,0,0.05154835288427882
126,poisson,2026-03-16,0,0.05280039625010725
126,poisson,2026-03-23,0,0.05408285014318247
126,poisson,2026-03-30,0,0.05539645319620096
126,poisson,2026-04-06,0,0.053721635871432236
126,poisson,2026-04-13,0,0.05502646549315213
126,poisson,2026-04-20,0,0.0563629877525607
126,poisson,2026-04-27,0,0.05773197242317244
126,poisson,2026-05-04,0,0.05598654465607435
126,poisson,2026-05-11,0,0.05734638600676999
126,poisson,2026-05-18,0,0.05873925615948266
126,poisson,2026-05-25,0,0.06016595734144428
127,poisson,2026-01-05,1,0.05979958091535549
127,poisson,2026-01-12,0,0.06323707878136056
127,poisson,2026-01-19,0,0.0573775158259113
127,poisson,2026-01-26,0,0.06430224553833698
127,poisson,2026-02-02,0,0.06077214720564329
127,poisson,2026-02-09,0,0.06286895521015999
127,poisson,2026-02-16,0,0.06470656446632134
127,poisson,2026-02-23,0,0.06659788557067614
127,poisson,2026-03-02,0,0.06239505156055687
127,poisson,2026-03-09,0,0.0642188089922346
127,poisson,2026-03-16,0,0.06609587339435968
127,poisson,2026-03-23,0,0.06802780288702469
127,poisson,2026-03-30,0,0.0700162011329258
127,poisson,2026-04-06,0,0.065597645365588
127,poisson,2026-04-13,0,0.06751501205162946
127,poisson,2026-04-20,0,0.06948842183172182
127,poisson,2026-04-27,0,0.07151951280066132
127,poisson,2026-05-04,0,0.06700608661287658
127,poisson,2026-05-11,0,0.06896462090961118
127,poisson,2026-05-18,0,0.07098040159671701
127,poisson,2026-05-25,0,0.0730551019403788
